"Tag Code","Mark Species Name","Mark Rear Type Name","Event Type Name","Event Site Type Description","Event Site Code Value","Event Date Time Value","Antenna ID","Antenna Group Configuration Value","Event Release Site Code Code","Event Release Date Time Value","CTH Count"
"3D9.1C2D426557","Steelhead","Hatchery Reared","Mark","Hatchery","EBNK","5/4/2010 8:00:00 AM","NA","0","CHIWAR","5/4/2010 12:00:00 PM","1"
"3D9.1C2D426557","Steelhead","Hatchery Reared","Observation","Instream Remote Detection System","CHU","5/7/2010 1:02:30 PM","94","100","","","1"
"3D9.1C2D426557","Steelhead","Hatchery Reared","Observation","Instream Remote Detection System","CHU","6/11/2022 1:51:48 AM","93","100","","","1"
"3DD.003BE5D91C","Steelhead","Hatchery Reared","Mark","Acclimation Pond","CHIP","3/6/2019 5:46:18 PM","NA","0","CHIWAR","5/2/2019 3:30:00 PM","1"
"3DD.003BE5D91C","Steelhead","Hatchery Reared","Observation","Instream Remote Detection System","CHU","6/2/2022 2:27:14 PM","93","100","","","1"
"3DD.003BE5D91C","Steelhead","Hatchery Reared","Observation","Instream Remote Detection System","CHU","6/2/2022 2:33:03 PM","92","100","","","1"
"3DD.003BE5E5B9","Steelhead","Hatchery Reared","Mark","Acclimation Pond","CHIP","3/7/2019 3:38:37 PM","NA","0","CHIWAR","5/2/2019 3:30:00 PM","1"
"3DD.003BE5E5B9","Steelhead","Hatchery Reared","Observation","Instream Remote Detection System","CHU","6/8/2022 3:10:59 PM","92","100","","","1"
"3DD.003D54BE86","Steelhead","Hatchery Reared","Mark","Acclimation Pond","CHIP","3/8/2021 11:54:02 AM","NA","0","CHIWAR","4/26/2021 11:00:00 AM","1"
"3DD.003D54BE86","Steelhead","Hatchery Reared","Observation","Instream Remote Detection System","CHU","7/15/2021 5:02:12 AM","94","100","","","1"
"3DD.003D54BE86","Steelhead","Hatchery Reared","Observation","Instream Remote Detection System","CHU","7/15/2021 5:03:05 AM","91","100","","","1"
"3DD.003D54BE86","Steelhead","Hatchery Reared","Observation","Instream Remote Detection System","CHU","6/10/2022 9:04:01 PM","92","100","","","1"
"3DD.003D608948","Steelhead","Hatchery Reared","Mark","Acclimation Pond","CHIP","2/28/2020 11:07:31 AM","NA","0","CHIWAR","4/24/2020 10:40:00 AM","1"
"3DD.003D608948","Steelhead","Hatchery Reared","Observation","Instream Remote Detection System","CHU","6/3/2022 8:19:18 AM","93","100","","","1"
"3DD.003D60F868","Steelhead","Hatchery Reared","Mark","Acclimation Pond","CHIP","2/24/2020 2:40:28 PM","NA","0","CHIWAR","4/24/2020 10:40:00 AM","1"
"3DD.003D60F868","Steelhead","Hatchery Reared","Observation","Instream Remote Detection System","CHU","5/27/2022 12:56:17 PM","92","100","","","1"
"3DD.003D615689","Steelhead","Hatchery Reared","Mark","Acclimation Pond","CHIP","3/13/2020 10:33:35 AM","NA","0","CHIWAR","4/24/2020 1:40:00 PM","1"
"3DD.003D615689","Steelhead","Hatchery Reared","Observation","Instream Remote Detection System","CHU","5/2/2022 5:08:35 AM","91","100","","","1"
"3DD.003D615689","Steelhead","Hatchery Reared","Observation","Instream Remote Detection System","CHU","5/3/2022 7:05:42 PM","92","100","","","1"
"3DD.003D615689","Steelhead","Hatchery Reared","Observation","Adult Fishway","TUF","10/4/2021 7:06:20 AM","A4","110","","","1"
"3DD.003D615689","Steelhead","Hatchery Reared","Observation","Adult Fishway","TUF","10/4/2021 7:17:17 AM","A3","110","","","1"
"3DD.003D615689","Steelhead","Hatchery Reared","Observation","Adult Fishway","TUF","10/4/2021 7:37:13 AM","A2","110","","","1"
"3DD.003D615689","Steelhead","Hatchery Reared","Observation","Adult Fishway","TUF","10/4/2021 7:43:03 AM","A1","110","","","1"
"3DD.003D615689","Steelhead","Hatchery Reared","Observation","Adult Fishway","TUF","10/4/2021 10:46:54 AM","A2","110","","","1"
"3DD.003D615689","Steelhead","Hatchery Reared","Observation","Adult Fishway","TUF","10/4/2021 10:52:08 AM","A1","110","","","1"
"3DD.003D615689","Steelhead","Hatchery Reared","Recapture","Dam","TUM","10/4/2021 3:17:46 PM","NA","0","TUMFBY","10/4/2021 3:17:46 PM","1"
"3DD.003D616B87","Steelhead","Hatchery Reared","Mark","Acclimation Pond","CHIP","3/10/2020 3:14:59 PM","NA","0","CHIWAR","4/24/2020 1:40:00 PM","1"
"3DD.003D616B87","Steelhead","Hatchery Reared","Observation","Instream Remote Detection System","CHU","12/4/2021 5:50:05 AM","92","100","","","1"
"3DD.003D616B87","Steelhead","Hatchery Reared","Observation","Instream Remote Detection System","CHU","12/4/2021 6:00:02 AM","93","100","","","1"
"3DD.003D616B87","Steelhead","Hatchery Reared","Observation","Instream Remote Detection System","CHU","12/4/2021 8:50:04 AM","92","100","","","1"
"3DD.003D616B87","Steelhead","Hatchery Reared","Observation","Instream Remote Detection System","CHU","12/4/2021 11:50:03 AM","92","100","","","1"
"3DD.003D616B87","Steelhead","Hatchery Reared","Observation","Instream Remote Detection System","CHU","12/4/2021 2:50:02 PM","92","100","","","1"
"3DD.003D616B87","Steelhead","Hatchery Reared","Observation","Instream Remote Detection System","CHU","12/4/2021 5:50:03 PM","92","100","","","1"
"3DD.003D616B87","Steelhead","Hatchery Reared","Observation","Instream Remote Detection System","CHU","12/4/2021 8:50:04 PM","92","100","","","1"
"3DD.003D616B87","Steelhead","Hatchery Reared","Observation","Instream Remote Detection System","CHU","12/4/2021 11:50:04 PM","92","100","","","1"
"3DD.003D616B87","Steelhead","Hatchery Reared","Observation","Instream Remote Detection System","CHU","12/5/2021 2:50:02 AM","92","100","","","1"
"3DD.003D616B87","Steelhead","Hatchery Reared","Observation","Instream Remote Detection System","CHU","12/5/2021 5:50:03 AM","92","100","","","1"
"3DD.003D616B87","Steelhead","Hatchery Reared","Observation","Instream Remote Detection System","CHU","12/5/2021 8:50:04 AM","92","100","","","1"
"3DD.003D616B87","Steelhead","Hatchery Reared","Observation","Instream Remote Detection System","CHU","12/5/2021 11:50:05 AM","92","100","","","1"
"3DD.003D616B87","Steelhead","Hatchery Reared","Observation","Instream Remote Detection System","CHU","12/5/2021 2:50:04 PM","92","100","","","1"
"3DD.003D616B87","Steelhead","Hatchery Reared","Observation","Instream Remote Detection System","CHU","12/5/2021 5:50:05 PM","92","100","","","1"
"3DD.003D616B87","Steelhead","Hatchery Reared","Observation","Instream Remote Detection System","CHU","12/5/2021 8:50:05 PM","92","100","","","1"
"3DD.003D616B87","Steelhead","Hatchery Reared","Observation","Instream Remote Detection System","CHU","12/5/2021 11:50:06 PM","92","100","","","1"
"3DD.003D616B87","Steelhead","Hatchery Reared","Observation","Instream Remote Detection System","CHU","12/6/2021 2:50:05 AM","92","100","","","1"
"3DD.003D616B87","Steelhead","Hatchery Reared","Observation","Instream Remote Detection System","CHU","12/6/2021 5:50:04 AM","92","100","","","1"
"3DD.003D616B87","Steelhead","Hatchery Reared","Observation","Instream Remote Detection System","CHU","12/6/2021 8:50:04 AM","92","100","","","1"
"3DD.003D616B87","Steelhead","Hatchery Reared","Observation","Instream Remote Detection System","CHU","12/6/2021 11:50:06 AM","92","100","","","1"
"3DD.003D616B87","Steelhead","Hatchery Reared","Observation","Instream Remote Detection System","CHU","12/6/2021 2:50:05 PM","92","100","","","1"
"3DD.003D616B87","Steelhead","Hatchery Reared","Observation","Instream Remote Detection System","CHU","12/6/2021 5:50:04 PM","92","100","","","1"
"3DD.003D616B87","Steelhead","Hatchery Reared","Observation","Instream Remote Detection System","CHU","12/6/2021 8:50:04 PM","92","100","","","1"
"3DD.003D616B87","Steelhead","Hatchery Reared","Observation","Instream Remote Detection System","CHU","12/6/2021 11:50:04 PM","92","100","","","1"
"3DD.003D616B87","Steelhead","Hatchery Reared","Observation","Instream Remote Detection System","CHU","12/7/2021 2:50:02 AM","92","100","","","1"
"3DD.003D616B87","Steelhead","Hatchery Reared","Observation","Instream Remote Detection System","CHU","12/7/2021 5:50:03 AM","92","100","","","1"
"3DD.003D616B87","Steelhead","Hatchery Reared","Observation","Instream Remote Detection System","CHU","12/7/2021 8:50:04 AM","92","100","","","1"
"3DD.003D616B87","Steelhead","Hatchery Reared","Observation","Instream Remote Detection System","CHU","12/7/2021 11:50:04 AM","92","100","","","1"
"3DD.003D616B87","Steelhead","Hatchery Reared","Observation","Instream Remote Detection System","CHU","12/7/2021 2:50:02 PM","92","100","","","1"
"3DD.003D616B87","Steelhead","Hatchery Reared","Observation","Instream Remote Detection System","CHU","12/7/2021 5:50:02 PM","92","100","","","1"
"3DD.003D616B87","Steelhead","Hatchery Reared","Observation","Instream Remote Detection System","CHU","12/7/2021 8:50:01 PM","92","100","","","1"
"3DD.003D616B87","Steelhead","Hatchery Reared","Observation","Instream Remote Detection System","CHU","12/7/2021 11:50:00 PM","92","100","","","1"
"3DD.003D616B87","Steelhead","Hatchery Reared","Observation","Instream Remote Detection System","CHU","12/8/2021 2:49:59 AM","92","100","","","1"
"3DD.003D616B87","Steelhead","Hatchery Reared","Observation","Instream Remote Detection System","CHU","12/8/2021 5:49:59 AM","92","100","","","1"
"3DD.003D616B87","Steelhead","Hatchery Reared","Observation","Instream Remote Detection System","CHU","12/8/2021 8:49:59 AM","92","100","","","1"
"3DD.003D616B87","Steelhead","Hatchery Reared","Observation","Instream Remote Detection System","CHU","12/8/2021 11:49:58 AM","92","100","","","1"
"3DD.003D616B87","Steelhead","Hatchery Reared","Observation","Instream Remote Detection System","CHU","12/8/2021 2:49:57 PM","92","100","","","1"
"3DD.003D616B87","Steelhead","Hatchery Reared","Observation","Instream Remote Detection System","CHU","12/8/2021 5:49:56 PM","92","100","","","1"
"3DD.003D616B87","Steelhead","Hatchery Reared","Observation","Instream Remote Detection System","CHU","12/8/2021 8:49:54 PM","92","100","","","1"
"3DD.003D616B87","Steelhead","Hatchery Reared","Observation","Instream Remote Detection System","CHU","12/8/2021 11:49:53 PM","92","100","","","1"
"3DD.003D616B87","Steelhead","Hatchery Reared","Observation","Instream Remote Detection System","CHU","12/9/2021 2:49:53 AM","92","100","","","1"
"3DD.003D616B87","Steelhead","Hatchery Reared","Observation","Instream Remote Detection System","CHU","12/9/2021 5:49:52 AM","92","100","","","1"
"3DD.003D616B87","Steelhead","Hatchery Reared","Observation","Instream Remote Detection System","CHU","12/9/2021 8:49:51 AM","92","100","","","1"
"3DD.003D616B87","Steelhead","Hatchery Reared","Observation","Instream Remote Detection System","CHU","12/9/2021 11:49:50 AM","92","100","","","1"
"3DD.003D616B87","Steelhead","Hatchery Reared","Observation","Instream Remote Detection System","CHU","12/9/2021 2:49:50 PM","92","100","","","1"
"3DD.003D616B87","Steelhead","Hatchery Reared","Observation","Instream Remote Detection System","CHU","12/9/2021 5:49:48 PM","92","100","","","1"
"3DD.003D616B87","Steelhead","Hatchery Reared","Observation","Instream Remote Detection System","CHU","12/9/2021 8:49:47 PM","92","100","","","1"
"3DD.003D616B87","Steelhead","Hatchery Reared","Observation","Instream Remote Detection System","CHU","12/9/2021 11:49:48 PM","92","100","","","1"
"3DD.003D616B87","Steelhead","Hatchery Reared","Observation","Instream Remote Detection System","CHU","12/10/2021 2:49:46 AM","92","100","","","1"
"3DD.003D616B87","Steelhead","Hatchery Reared","Observation","Instream Remote Detection System","CHU","12/10/2021 5:49:46 AM","92","100","","","1"
"3DD.003D616B87","Steelhead","Hatchery Reared","Observation","Instream Remote Detection System","CHU","12/10/2021 8:49:45 AM","92","100","","","1"
"3DD.003D616B87","Steelhead","Hatchery Reared","Observation","Instream Remote Detection System","CHU","12/10/2021 11:49:43 AM","92","100","","","1"
"3DD.003D616B87","Steelhead","Hatchery Reared","Observation","Instream Remote Detection System","CHU","12/10/2021 2:49:42 PM","92","100","","","1"
"3DD.003D616B87","Steelhead","Hatchery Reared","Observation","Instream Remote Detection System","CHU","12/10/2021 5:49:41 PM","92","100","","","1"
"3DD.003D616B87","Steelhead","Hatchery Reared","Observation","Instream Remote Detection System","CHU","12/10/2021 8:49:42 PM","92","100","","","1"
"3DD.003D616B87","Steelhead","Hatchery Reared","Observation","Instream Remote Detection System","CHU","12/11/2021 2:49:39 AM","92","100","","","1"
"3DD.003D616B87","Steelhead","Hatchery Reared","Observation","Instream Remote Detection System","CHU","12/11/2021 5:49:39 AM","92","100","","","1"
"3DD.003D616B87","Steelhead","Hatchery Reared","Observation","Instream Remote Detection System","CHU","12/11/2021 8:49:38 AM","92","100","","","1"
"3DD.003D616B87","Steelhead","Hatchery Reared","Observation","Instream Remote Detection System","CHU","12/11/2021 11:49:37 AM","92","100","","","1"
"3DD.003D616B87","Steelhead","Hatchery Reared","Observation","Instream Remote Detection System","CHU","12/11/2021 2:49:36 PM","92","100","","","1"
"3DD.003D616B87","Steelhead","Hatchery Reared","Observation","Instream Remote Detection System","CHU","12/11/2021 5:49:35 PM","92","100","","","1"
"3DD.003D616B87","Steelhead","Hatchery Reared","Observation","Instream Remote Detection System","CHU","12/11/2021 8:49:35 PM","92","100","","","1"
"3DD.003D616B87","Steelhead","Hatchery Reared","Observation","Instream Remote Detection System","CHU","12/11/2021 11:49:33 PM","92","100","","","1"
"3DD.003D616B87","Steelhead","Hatchery Reared","Observation","Instream Remote Detection System","CHU","12/12/2021 2:49:32 AM","92","100","","","1"
"3DD.003D616B87","Steelhead","Hatchery Reared","Observation","Instream Remote Detection System","CHU","12/12/2021 5:49:32 AM","92","100","","","1"
"3DD.003D616B87","Steelhead","Hatchery Reared","Observation","Instream Remote Detection System","CHU","12/12/2021 8:49:31 AM","92","100","","","1"
"3DD.003D616B87","Steelhead","Hatchery Reared","Observation","Instream Remote Detection System","CHU","12/12/2021 11:49:30 AM","92","100","","","1"
"3DD.003D616B87","Steelhead","Hatchery Reared","Observation","Instream Remote Detection System","CHU","12/12/2021 2:49:29 PM","92","100","","","1"
"3DD.003D616B87","Steelhead","Hatchery Reared","Observation","Instream Remote Detection System","CHU","12/12/2021 5:49:28 PM","92","100","","","1"
"3DD.003D616B87","Steelhead","Hatchery Reared","Observation","Instream Remote Detection System","CHU","12/12/2021 8:49:28 PM","92","100","","","1"
"3DD.003D616B87","Steelhead","Hatchery Reared","Observation","Instream Remote Detection System","CHU","12/12/2021 11:49:27 PM","92","100","","","1"
"3DD.003D616B87","Steelhead","Hatchery Reared","Observation","Instream Remote Detection System","CHU","12/13/2021 2:49:26 AM","92","100","","","1"
"3DD.003D616B87","Steelhead","Hatchery Reared","Observation","Instream Remote Detection System","CHU","12/13/2021 5:49:25 AM","92","100","","","1"
"3DD.003D616B87","Steelhead","Hatchery Reared","Observation","Instream Remote Detection System","CHU","12/13/2021 8:49:24 AM","92","100","","","1"
"3DD.003D616B87","Steelhead","Hatchery Reared","Observation","Instream Remote Detection System","CHU","12/13/2021 11:49:23 AM","92","100","","","1"
"3DD.003D616B87","Steelhead","Hatchery Reared","Observation","Instream Remote Detection System","CHU","12/13/2021 2:49:22 PM","92","100","","","1"
"3DD.003D616B87","Steelhead","Hatchery Reared","Observation","Instream Remote Detection System","CHU","12/13/2021 5:49:22 PM","92","100","","","1"
"3DD.003D616B87","Steelhead","Hatchery Reared","Observation","Instream Remote Detection System","CHU","12/13/2021 8:49:21 PM","92","100","","","1"
"3DD.003D616B87","Steelhead","Hatchery Reared","Observation","Instream Remote Detection System","CHU","12/13/2021 11:49:20 PM","92","100","","","1"
"3DD.003D616B87","Steelhead","Hatchery Reared","Observation","Instream Remote Detection System","CHU","12/14/2021 2:49:19 AM","92","100","","","1"
"3DD.003D616B87","Steelhead","Hatchery Reared","Observation","Instream Remote Detection System","CHU","12/14/2021 5:49:18 AM","92","100","","","1"
"3DD.003D616B87","Steelhead","Hatchery Reared","Observation","Instream Remote Detection System","CHU","12/14/2021 8:49:17 AM","92","100","","","1"
"3DD.003D616B87","Steelhead","Hatchery Reared","Observation","Instream Remote Detection System","CHU","12/14/2021 11:49:17 AM","92","100","","","1"
"3DD.003D616B87","Steelhead","Hatchery Reared","Observation","Instream Remote Detection System","CHU","12/14/2021 2:49:16 PM","92","100","","","1"
"3DD.003D616B87","Steelhead","Hatchery Reared","Observation","Instream Remote Detection System","CHU","12/14/2021 5:49:15 PM","92","100","","","1"
"3DD.003D616B87","Steelhead","Hatchery Reared","Observation","Instream Remote Detection System","CHU","12/14/2021 8:49:14 PM","92","100","","","1"
"3DD.003D616B87","Steelhead","Hatchery Reared","Observation","Instream Remote Detection System","CHU","12/14/2021 11:49:12 PM","92","100","","","1"
"3DD.003D616B87","Steelhead","Hatchery Reared","Observation","Instream Remote Detection System","CHU","12/15/2021 2:49:12 AM","92","100","","","1"
"3DD.003D616B87","Steelhead","Hatchery Reared","Observation","Instream Remote Detection System","CHU","12/15/2021 5:49:11 AM","92","100","","","1"
"3DD.003D616B87","Steelhead","Hatchery Reared","Observation","Instream Remote Detection System","CHU","12/15/2021 8:49:11 AM","92","100","","","1"
"3DD.003D616B87","Steelhead","Hatchery Reared","Observation","Instream Remote Detection System","CHU","12/15/2021 11:49:10 AM","92","100","","","1"
"3DD.003D616B87","Steelhead","Hatchery Reared","Observation","Instream Remote Detection System","CHU","12/15/2021 2:49:09 PM","92","100","","","1"
"3DD.003D616B87","Steelhead","Hatchery Reared","Observation","Instream Remote Detection System","CHU","12/15/2021 5:49:08 PM","92","100","","","1"
"3DD.003D616B87","Steelhead","Hatchery Reared","Observation","Instream Remote Detection System","CHU","12/15/2021 8:49:07 PM","92","100","","","1"
"3DD.003D616B87","Steelhead","Hatchery Reared","Observation","Instream Remote Detection System","CHU","12/15/2021 11:49:06 PM","92","100","","","1"
"3DD.003D616B87","Steelhead","Hatchery Reared","Observation","Instream Remote Detection System","CHU","12/16/2021 2:49:06 AM","92","100","","","1"
"3DD.003D616B87","Steelhead","Hatchery Reared","Observation","Instream Remote Detection System","CHU","12/16/2021 5:49:05 AM","92","100","","","1"
"3DD.003D616B87","Steelhead","Hatchery Reared","Observation","Instream Remote Detection System","CHU","12/16/2021 8:49:04 AM","92","100","","","1"
"3DD.003D616B87","Steelhead","Hatchery Reared","Observation","Instream Remote Detection System","CHU","12/16/2021 11:49:03 AM","92","100","","","1"
"3DD.003D616B87","Steelhead","Hatchery Reared","Observation","Instream Remote Detection System","CHU","12/16/2021 2:49:02 PM","92","100","","","1"
"3DD.003D616B87","Steelhead","Hatchery Reared","Observation","Instream Remote Detection System","CHU","12/16/2021 5:49:01 PM","92","100","","","1"
"3DD.003D616B87","Steelhead","Hatchery Reared","Observation","Instream Remote Detection System","CHU","12/16/2021 8:49:00 PM","92","100","","","1"
"3DD.003D616B87","Steelhead","Hatchery Reared","Observation","Instream Remote Detection System","CHU","12/16/2021 11:49:00 PM","92","100","","","1"
"3DD.003D616B87","Steelhead","Hatchery Reared","Observation","Instream Remote Detection System","CHU","12/17/2021 5:48:58 AM","92","100","","","1"
"3DD.003D616B87","Steelhead","Hatchery Reared","Observation","Instream Remote Detection System","CHU","12/17/2021 8:48:57 AM","92","100","","","1"
"3DD.003D616B87","Steelhead","Hatchery Reared","Observation","Instream Remote Detection System","CHU","12/17/2021 11:48:56 AM","92","100","","","1"
"3DD.003D616B87","Steelhead","Hatchery Reared","Observation","Instream Remote Detection System","CHU","12/17/2021 2:48:55 PM","92","100","","","1"
"3DD.003D616B87","Steelhead","Hatchery Reared","Observation","Instream Remote Detection System","CHU","12/17/2021 5:48:54 PM","92","100","","","1"
"3DD.003D616B87","Steelhead","Hatchery Reared","Observation","Instream Remote Detection System","CHU","12/17/2021 8:48:54 PM","92","100","","","1"
"3DD.003D616B87","Steelhead","Hatchery Reared","Observation","Instream Remote Detection System","CHU","12/17/2021 11:48:53 PM","92","100","","","1"
"3DD.003D616B87","Steelhead","Hatchery Reared","Observation","Instream Remote Detection System","CHU","12/18/2021 5:48:50 AM","92","100","","","1"
"3DD.003D616B87","Steelhead","Hatchery Reared","Observation","Instream Remote Detection System","CHU","12/18/2021 11:48:49 AM","92","100","","","1"
"3DD.003D616B87","Steelhead","Hatchery Reared","Observation","Instream Remote Detection System","CHU","12/18/2021 11:48:46 PM","92","100","","","1"
"3DD.003D616B87","Steelhead","Hatchery Reared","Observation","Instream Remote Detection System","CHU","12/19/2021 5:50:01 PM","92","100","","","1"
"3DD.003D616B87","Steelhead","Hatchery Reared","Observation","Instream Remote Detection System","CHU","12/20/2021 2:49:59 AM","92","100","","","1"
"3DD.003D616B87","Steelhead","Hatchery Reared","Observation","Instream Remote Detection System","CHU","12/20/2021 5:49:59 AM","92","100","","","1"
"3DD.003D616B87","Steelhead","Hatchery Reared","Observation","Instream Remote Detection System","CHU","12/20/2021 8:50:04 AM","92","100","","","1"
"3DD.003D616B87","Steelhead","Hatchery Reared","Observation","Instream Remote Detection System","CHU","12/20/2021 11:50:03 AM","92","100","","","1"
"3DD.003D616B87","Steelhead","Hatchery Reared","Observation","Instream Remote Detection System","CHU","12/20/2021 2:50:02 PM","92","100","","","1"
"3DD.003D616B87","Steelhead","Hatchery Reared","Observation","Instream Remote Detection System","CHU","12/20/2021 5:50:03 PM","92","100","","","1"
"3DD.003D616B87","Steelhead","Hatchery Reared","Observation","Instream Remote Detection System","CHU","12/20/2021 8:50:04 PM","92","100","","","1"
"3DD.003D616B87","Steelhead","Hatchery Reared","Observation","Instream Remote Detection System","CHU","12/20/2021 11:50:05 PM","92","100","","","1"
"3DD.003D616B87","Steelhead","Hatchery Reared","Observation","Instream Remote Detection System","CHU","12/21/2021 2:50:04 AM","92","100","","","1"
"3DD.003D616B87","Steelhead","Hatchery Reared","Observation","Instream Remote Detection System","CHU","12/21/2021 8:50:03 AM","92","100","","","1"
"3DD.003D616B87","Steelhead","Hatchery Reared","Observation","Instream Remote Detection System","CHU","12/21/2021 11:50:03 AM","92","100","","","1"
"3DD.003D616B87","Steelhead","Hatchery Reared","Observation","Instream Remote Detection System","CHU","12/21/2021 8:50:00 PM","92","100","","","1"
"3DD.003D616B87","Steelhead","Hatchery Reared","Observation","Instream Remote Detection System","CHU","12/22/2021 2:49:58 AM","92","100","","","1"
"3DD.003D616B87","Steelhead","Hatchery Reared","Observation","Instream Remote Detection System","CHU","12/22/2021 5:49:59 AM","92","100","","","1"
"3DD.003D616B87","Steelhead","Hatchery Reared","Observation","Instream Remote Detection System","CHU","12/22/2021 8:49:58 AM","92","100","","","1"
"3DD.003D616B87","Steelhead","Hatchery Reared","Observation","Instream Remote Detection System","CHU","12/23/2021 11:49:50 AM","92","100","","","1"
"3DD.003D616B87","Steelhead","Hatchery Reared","Observation","Instream Remote Detection System","CHU","12/23/2021 2:49:48 PM","92","100","","","1"
"3DD.003D616B87","Steelhead","Hatchery Reared","Observation","Instream Remote Detection System","CHU","12/23/2021 5:49:48 PM","92","100","","","1"
"3DD.003D616B87","Steelhead","Hatchery Reared","Observation","Instream Remote Detection System","CHU","12/24/2021 5:49:44 AM","92","100","","","1"
"3DD.003D616B87","Steelhead","Hatchery Reared","Observation","Instream Remote Detection System","CHU","12/24/2021 8:49:45 AM","92","100","","","1"
"3DD.003D616B87","Steelhead","Hatchery Reared","Observation","Instream Remote Detection System","CHU","12/24/2021 11:50:04 AM","92","100","","","1"
"3DD.003D616B87","Steelhead","Hatchery Reared","Observation","Instream Remote Detection System","CHU","12/24/2021 2:50:03 PM","92","100","","","1"
"3DD.003D616B87","Steelhead","Hatchery Reared","Observation","Instream Remote Detection System","CHU","12/24/2021 5:50:04 PM","92","100","","","1"
"3DD.003D616B87","Steelhead","Hatchery Reared","Observation","Instream Remote Detection System","CHU","12/24/2021 8:50:04 PM","92","100","","","1"
"3DD.003D616B87","Steelhead","Hatchery Reared","Observation","Instream Remote Detection System","CHU","12/24/2021 11:50:05 PM","92","100","","","1"
"3DD.003D616B87","Steelhead","Hatchery Reared","Observation","Instream Remote Detection System","CHU","12/25/2021 8:50:02 AM","92","100","","","1"
"3DD.003D616B87","Steelhead","Hatchery Reared","Observation","Instream Remote Detection System","CHU","12/25/2021 2:50:01 PM","92","100","","","1"
"3DD.003D616B87","Steelhead","Hatchery Reared","Observation","Instream Remote Detection System","CHU","12/25/2021 5:50:00 PM","92","100","","","1"
"3DD.003D616B87","Steelhead","Hatchery Reared","Observation","Instream Remote Detection System","CHU","12/25/2021 11:49:57 PM","92","100","","","1"
"3DD.003D616B87","Steelhead","Hatchery Reared","Observation","Instream Remote Detection System","CHU","12/26/2021 2:49:56 AM","92","100","","","1"
"3DD.003D616B87","Steelhead","Hatchery Reared","Observation","Instream Remote Detection System","CHU","12/26/2021 5:49:56 AM","92","100","","","1"
"3DD.003D616B87","Steelhead","Hatchery Reared","Observation","Instream Remote Detection System","CHU","12/26/2021 8:50:03 AM","92","100","","","1"
"3DD.003D616B87","Steelhead","Hatchery Reared","Observation","Instream Remote Detection System","CHU","12/26/2021 11:50:06 AM","92","100","","","1"
"3DD.003D616B87","Steelhead","Hatchery Reared","Observation","Instream Remote Detection System","CHU","12/26/2021 2:50:05 PM","92","100","","","1"
"3DD.003D616B87","Steelhead","Hatchery Reared","Observation","Instream Remote Detection System","CHU","12/26/2021 5:50:04 PM","92","100","","","1"
"3DD.003D616B87","Steelhead","Hatchery Reared","Observation","Instream Remote Detection System","CHU","12/26/2021 8:50:04 PM","92","100","","","1"
"3DD.003D616B87","Steelhead","Hatchery Reared","Observation","Instream Remote Detection System","CHU","12/26/2021 11:50:05 PM","92","100","","","1"
"3DD.003D616B87","Steelhead","Hatchery Reared","Observation","Instream Remote Detection System","CHU","12/27/2021 2:50:05 AM","92","100","","","1"
"3DD.003D616B87","Steelhead","Hatchery Reared","Observation","Instream Remote Detection System","CHU","12/27/2021 5:50:03 AM","92","100","","","1"
"3DD.003D616B87","Steelhead","Hatchery Reared","Observation","Instream Remote Detection System","CHU","12/27/2021 8:50:03 AM","92","100","","","1"
"3DD.003D616B87","Steelhead","Hatchery Reared","Observation","Instream Remote Detection System","CHU","12/27/2021 11:50:05 AM","92","100","","","1"
"3DD.003D616B87","Steelhead","Hatchery Reared","Observation","Instream Remote Detection System","CHU","12/27/2021 2:50:03 PM","92","100","","","1"
"3DD.003D616B87","Steelhead","Hatchery Reared","Observation","Instream Remote Detection System","CHU","12/27/2021 5:50:03 PM","92","100","","","1"
"3DD.003D616B87","Steelhead","Hatchery Reared","Observation","Instream Remote Detection System","CHU","12/27/2021 8:50:04 PM","92","100","","","1"
"3DD.003D616B87","Steelhead","Hatchery Reared","Observation","Instream Remote Detection System","CHU","12/27/2021 11:50:06 PM","92","100","","","1"
"3DD.003D616B87","Steelhead","Hatchery Reared","Observation","Instream Remote Detection System","CHU","12/28/2021 2:50:04 AM","92","100","","","1"
"3DD.003D616B87","Steelhead","Hatchery Reared","Observation","Instream Remote Detection System","CHU","12/28/2021 5:50:05 AM","92","100","","","1"
"3DD.003D616B87","Steelhead","Hatchery Reared","Observation","Instream Remote Detection System","CHU","12/28/2021 8:50:05 AM","92","100","","","1"
"3DD.003D616B87","Steelhead","Hatchery Reared","Observation","Instream Remote Detection System","CHU","12/28/2021 11:50:06 AM","92","100","","","1"
"3DD.003D616B87","Steelhead","Hatchery Reared","Observation","Instream Remote Detection System","CHU","12/28/2021 2:50:04 PM","92","100","","","1"
"3DD.003D616B87","Steelhead","Hatchery Reared","Observation","Instream Remote Detection System","CHU","12/28/2021 5:50:03 PM","92","100","","","1"
"3DD.003D616B87","Steelhead","Hatchery Reared","Observation","Instream Remote Detection System","CHU","12/28/2021 8:50:04 PM","92","100","","","1"
"3DD.003D616B87","Steelhead","Hatchery Reared","Observation","Instream Remote Detection System","CHU","12/28/2021 11:50:04 PM","92","100","","","1"
"3DD.003D616B87","Steelhead","Hatchery Reared","Observation","Instream Remote Detection System","CHU","12/29/2021 2:50:03 AM","92","100","","","1"
"3DD.003D616B87","Steelhead","Hatchery Reared","Observation","Instream Remote Detection System","CHU","12/29/2021 5:50:03 AM","92","100","","","1"
"3DD.003D616B87","Steelhead","Hatchery Reared","Observation","Instream Remote Detection System","CHU","12/29/2021 8:50:04 AM","92","100","","","1"
"3DD.003D616B87","Steelhead","Hatchery Reared","Observation","Instream Remote Detection System","CHU","12/29/2021 11:50:05 AM","92","100","","","1"
"3DD.003D616B87","Steelhead","Hatchery Reared","Observation","Instream Remote Detection System","CHU","12/29/2021 2:50:05 PM","92","100","","","1"
"3DD.003D616B87","Steelhead","Hatchery Reared","Observation","Instream Remote Detection System","CHU","12/29/2021 5:50:04 PM","92","100","","","1"
"3DD.003D616B87","Steelhead","Hatchery Reared","Observation","Instream Remote Detection System","CHU","12/29/2021 8:50:04 PM","92","100","","","1"
"3DD.003D616B87","Steelhead","Hatchery Reared","Observation","Instream Remote Detection System","CHU","12/29/2021 11:50:05 PM","92","100","","","1"
"3DD.003D616B87","Steelhead","Hatchery Reared","Observation","Instream Remote Detection System","CHU","12/30/2021 2:50:04 AM","92","100","","","1"
"3DD.003D616B87","Steelhead","Hatchery Reared","Observation","Instream Remote Detection System","CHU","12/30/2021 5:50:04 AM","92","100","","","1"
"3DD.003D616B87","Steelhead","Hatchery Reared","Observation","Instream Remote Detection System","CHU","12/30/2021 8:50:05 AM","92","100","","","1"
"3DD.003D616B87","Steelhead","Hatchery Reared","Observation","Instream Remote Detection System","CHU","12/30/2021 11:50:06 AM","92","100","","","1"
"3DD.003D616B87","Steelhead","Hatchery Reared","Observation","Instream Remote Detection System","CHU","12/30/2021 2:50:05 PM","92","100","","","1"
"3DD.003D616B87","Steelhead","Hatchery Reared","Observation","Instream Remote Detection System","CHU","12/30/2021 5:50:06 PM","92","100","","","1"
"3DD.003D616B87","Steelhead","Hatchery Reared","Observation","Instream Remote Detection System","CHU","12/30/2021 8:50:05 PM","92","100","","","1"
"3DD.003D616B87","Steelhead","Hatchery Reared","Observation","Instream Remote Detection System","CHU","12/30/2021 11:50:07 PM","92","100","","","1"
"3DD.003D616B87","Steelhead","Hatchery Reared","Observation","Instream Remote Detection System","CHU","12/31/2021 2:50:07 AM","92","100","","","1"
"3DD.003D616B87","Steelhead","Hatchery Reared","Observation","Instream Remote Detection System","CHU","12/31/2021 6:36:02 AM","92","100","","","1"
"3DD.003D616B87","Steelhead","Hatchery Reared","Observation","Instream Remote Detection System","CHU","12/31/2021 9:36:01 AM","92","100","","","1"
"3DD.003D616B87","Steelhead","Hatchery Reared","Observation","Instream Remote Detection System","CHU","12/31/2021 3:36:00 PM","92","100","","","1"
"3DD.003D616B87","Steelhead","Hatchery Reared","Observation","Instream Remote Detection System","CHU","12/31/2021 9:35:59 PM","92","100","","","1"
"3DD.003D616B87","Steelhead","Hatchery Reared","Observation","Instream Remote Detection System","CHU","1/1/2022 3:35:57 AM","92","100","","","1"
"3DD.003D616B87","Steelhead","Hatchery Reared","Observation","Instream Remote Detection System","CHU","1/1/2022 6:35:57 AM","92","100","","","1"
"3DD.003D616B87","Steelhead","Hatchery Reared","Observation","Instream Remote Detection System","CHU","1/1/2022 9:35:55 AM","92","100","","","1"
"3DD.003D616B87","Steelhead","Hatchery Reared","Observation","Instream Remote Detection System","CHU","1/1/2022 12:36:03 PM","92","100","","","1"
"3DD.003D616B87","Steelhead","Hatchery Reared","Observation","Instream Remote Detection System","CHU","1/1/2022 3:36:04 PM","92","100","","","1"
"3DD.003D616B87","Steelhead","Hatchery Reared","Observation","Instream Remote Detection System","CHU","1/1/2022 6:36:02 PM","92","100","","","1"
"3DD.003D616B87","Steelhead","Hatchery Reared","Observation","Instream Remote Detection System","CHU","1/1/2022 9:36:02 PM","92","100","","","1"
"3DD.003D616B87","Steelhead","Hatchery Reared","Observation","Instream Remote Detection System","CHU","1/2/2022 9:35:58 AM","92","100","","","1"
"3DD.003D616B87","Steelhead","Hatchery Reared","Observation","Instream Remote Detection System","CHU","1/2/2022 3:35:58 PM","92","100","","","1"
"3DD.003D616B87","Steelhead","Hatchery Reared","Observation","Instream Remote Detection System","CHU","1/3/2022 3:35:57 AM","92","100","","","1"
"3DD.003D616B87","Steelhead","Hatchery Reared","Observation","Instream Remote Detection System","CHU","1/3/2022 9:36:04 AM","92","100","","","1"
"3DD.003D616B87","Steelhead","Hatchery Reared","Observation","Instream Remote Detection System","CHU","1/3/2022 12:36:03 PM","92","100","","","1"
"3DD.003D616B87","Steelhead","Hatchery Reared","Observation","Instream Remote Detection System","CHU","1/3/2022 3:36:03 PM","92","100","","","1"
"3DD.003D616B87","Steelhead","Hatchery Reared","Observation","Instream Remote Detection System","CHU","1/3/2022 6:36:02 PM","92","100","","","1"
"3DD.003D616B87","Steelhead","Hatchery Reared","Observation","Instream Remote Detection System","CHU","1/3/2022 9:36:01 PM","92","100","","","1"
"3DD.003D616B87","Steelhead","Hatchery Reared","Observation","Instream Remote Detection System","CHU","1/4/2022 12:36:00 AM","92","100","","","1"
"3DD.003D616B87","Steelhead","Hatchery Reared","Observation","Instream Remote Detection System","CHU","1/4/2022 3:35:59 AM","92","100","","","1"
"3DD.003D616B87","Steelhead","Hatchery Reared","Observation","Instream Remote Detection System","CHU","1/4/2022 6:35:59 AM","92","100","","","1"
"3DD.003D616B87","Steelhead","Hatchery Reared","Observation","Instream Remote Detection System","CHU","1/4/2022 12:35:57 PM","92","100","","","1"
"3DD.003D616B87","Steelhead","Hatchery Reared","Observation","Instream Remote Detection System","CHU","1/4/2022 3:35:57 PM","92","100","","","1"
"3DD.003D616B87","Steelhead","Hatchery Reared","Observation","Instream Remote Detection System","CHU","1/4/2022 6:35:55 PM","92","100","","","1"
"3DD.003D616B87","Steelhead","Hatchery Reared","Observation","Instream Remote Detection System","CHU","1/4/2022 9:36:03 PM","92","100","","","1"
"3DD.003D616B87","Steelhead","Hatchery Reared","Observation","Instream Remote Detection System","CHU","1/5/2022 12:36:04 AM","92","100","","","1"
"3DD.003D616B87","Steelhead","Hatchery Reared","Observation","Instream Remote Detection System","CHU","1/5/2022 3:36:06 AM","92","100","","","1"
"3DD.003D616B87","Steelhead","Hatchery Reared","Observation","Instream Remote Detection System","CHU","1/5/2022 6:36:04 AM","92","100","","","1"
"3DD.003D616B87","Steelhead","Hatchery Reared","Observation","Instream Remote Detection System","CHU","1/5/2022 9:36:03 AM","92","100","","","1"
"3DD.003D616B87","Steelhead","Hatchery Reared","Observation","Instream Remote Detection System","CHU","1/5/2022 12:36:04 PM","92","100","","","1"
"3DD.003D616B87","Steelhead","Hatchery Reared","Observation","Instream Remote Detection System","CHU","1/5/2022 3:36:03 PM","92","100","","","1"
"3DD.003D616B87","Steelhead","Hatchery Reared","Observation","Instream Remote Detection System","CHU","1/5/2022 6:36:05 PM","92","100","","","1"
"3DD.003D616B87","Steelhead","Hatchery Reared","Observation","Instream Remote Detection System","CHU","1/5/2022 9:36:03 PM","92","100","","","1"
"3DD.003D616B87","Steelhead","Hatchery Reared","Observation","Instream Remote Detection System","CHU","1/6/2022 12:36:02 AM","92","100","","","1"
"3DD.003D616B87","Steelhead","Hatchery Reared","Observation","Instream Remote Detection System","CHU","1/6/2022 3:36:02 AM","92","100","","","1"
"3DD.003D616B87","Steelhead","Hatchery Reared","Observation","Instream Remote Detection System","CHU","1/6/2022 6:36:01 AM","92","100","","","1"
"3DD.003D616B87","Steelhead","Hatchery Reared","Observation","Instream Remote Detection System","CHU","1/6/2022 12:35:59 PM","92","100","","","1"
"3DD.003D616B87","Steelhead","Hatchery Reared","Observation","Instream Remote Detection System","CHU","1/6/2022 3:35:58 PM","92","100","","","1"
"3DD.003D616B87","Steelhead","Hatchery Reared","Observation","Instream Remote Detection System","CHU","1/6/2022 6:35:58 PM","92","100","","","1"
"3DD.003D616B87","Steelhead","Hatchery Reared","Observation","Instream Remote Detection System","CHU","1/6/2022 9:35:57 PM","92","100","","","1"
"3DD.003D616B87","Steelhead","Hatchery Reared","Observation","Instream Remote Detection System","CHU","1/7/2022 12:35:56 AM","92","100","","","1"
"3DD.003D616B87","Steelhead","Hatchery Reared","Observation","Instream Remote Detection System","CHU","1/7/2022 3:35:56 AM","92","100","","","1"
"3DD.003D616B87","Steelhead","Hatchery Reared","Observation","Instream Remote Detection System","CHU","1/7/2022 6:35:55 AM","92","100","","","1"
"3DD.003D616B87","Steelhead","Hatchery Reared","Observation","Instream Remote Detection System","CHU","1/7/2022 9:35:54 AM","92","100","","","1"
"3DD.003D616B87","Steelhead","Hatchery Reared","Observation","Instream Remote Detection System","CHU","1/7/2022 3:35:52 PM","92","100","","","1"
"3DD.003D616B87","Steelhead","Hatchery Reared","Observation","Instream Remote Detection System","CHU","1/7/2022 6:35:50 PM","92","100","","","1"
"3DD.003D616B87","Steelhead","Hatchery Reared","Observation","Instream Remote Detection System","CHU","1/8/2022 12:35:49 AM","92","100","","","1"
"3DD.003D616B87","Steelhead","Hatchery Reared","Observation","Instream Remote Detection System","CHU","1/8/2022 3:35:50 AM","92","100","","","1"
"3DD.003D616B87","Steelhead","Hatchery Reared","Observation","Instream Remote Detection System","CHU","1/8/2022 6:35:48 AM","92","100","","","1"
"3DD.003D616B87","Steelhead","Hatchery Reared","Observation","Instream Remote Detection System","CHU","1/8/2022 9:36:03 AM","92","100","","","1"
"3DD.003D616B87","Steelhead","Hatchery Reared","Observation","Instream Remote Detection System","CHU","1/8/2022 12:36:04 PM","92","100","","","1"
"3DD.003D616B87","Steelhead","Hatchery Reared","Observation","Instream Remote Detection System","CHU","1/8/2022 3:36:04 PM","92","100","","","1"
"3DD.003D616B87","Steelhead","Hatchery Reared","Observation","Instream Remote Detection System","CHU","1/8/2022 6:36:02 PM","92","100","","","1"
"3DD.003D616B87","Steelhead","Hatchery Reared","Observation","Instream Remote Detection System","CHU","1/8/2022 9:36:03 PM","92","100","","","1"
"3DD.003D616B87","Steelhead","Hatchery Reared","Observation","Instream Remote Detection System","CHU","1/9/2022 12:36:05 AM","92","100","","","1"
"3DD.003D616B87","Steelhead","Hatchery Reared","Observation","Instream Remote Detection System","CHU","1/9/2022 3:36:04 AM","92","100","","","1"
"3DD.003D616B87","Steelhead","Hatchery Reared","Observation","Instream Remote Detection System","CHU","1/9/2022 6:36:03 AM","92","100","","","1"
"3DD.003D616B87","Steelhead","Hatchery Reared","Observation","Instream Remote Detection System","CHU","1/9/2022 9:36:04 AM","92","100","","","1"
"3DD.003D616B87","Steelhead","Hatchery Reared","Observation","Instream Remote Detection System","CHU","1/9/2022 12:36:03 PM","92","100","","","1"
"3DD.003D616B87","Steelhead","Hatchery Reared","Observation","Instream Remote Detection System","CHU","1/9/2022 3:45:35 PM","92","100","","","1"
"3DD.003D616B87","Steelhead","Hatchery Reared","Observation","Instream Remote Detection System","CHU","1/9/2022 6:59:14 PM","92","100","","","1"
"3DD.003D616B87","Steelhead","Hatchery Reared","Observation","Instream Remote Detection System","CHU","1/9/2022 9:59:18 PM","92","100","","","1"
"3DD.003D616B87","Steelhead","Hatchery Reared","Observation","Instream Remote Detection System","CHU","1/10/2022 4:24:44 AM","92","100","","","1"
"3DD.003D616B87","Steelhead","Hatchery Reared","Observation","Instream Remote Detection System","CHU","1/10/2022 7:30:39 AM","92","100","","","1"
"3DD.003D616B87","Steelhead","Hatchery Reared","Observation","Instream Remote Detection System","CHU","1/10/2022 10:30:51 AM","92","100","","","1"
"3DD.003D616B87","Steelhead","Hatchery Reared","Observation","Instream Remote Detection System","CHU","1/10/2022 6:45:32 PM","92","100","","","1"
"3DD.003D616B87","Steelhead","Hatchery Reared","Observation","Instream Remote Detection System","CHU","1/10/2022 9:45:36 PM","92","100","","","1"
"3DD.003D616B87","Steelhead","Hatchery Reared","Observation","Instream Remote Detection System","CHU","1/11/2022 12:45:36 AM","92","100","","","1"
"3DD.003D616B87","Steelhead","Hatchery Reared","Observation","Instream Remote Detection System","CHU","1/11/2022 3:45:36 AM","92","100","","","1"
"3DD.003D616B87","Steelhead","Hatchery Reared","Observation","Instream Remote Detection System","CHU","1/11/2022 6:45:59 AM","92","100","","","1"
"3DD.003D616B87","Steelhead","Hatchery Reared","Observation","Instream Remote Detection System","CHU","1/11/2022 9:51:35 AM","92","100","","","1"
"3DD.003D616B87","Steelhead","Hatchery Reared","Observation","Instream Remote Detection System","CHU","1/11/2022 12:51:35 PM","92","100","","","1"
"3DD.003D616B87","Steelhead","Hatchery Reared","Observation","Instream Remote Detection System","CHU","1/11/2022 3:51:56 PM","92","100","","","1"
"3DD.003D616B87","Steelhead","Hatchery Reared","Observation","Instream Remote Detection System","CHU","1/11/2022 6:53:25 PM","92","100","","","1"
"3DD.003D616B87","Steelhead","Hatchery Reared","Observation","Instream Remote Detection System","CHU","1/11/2022 9:53:23 PM","92","100","","","1"
"3DD.003D616B87","Steelhead","Hatchery Reared","Observation","Instream Remote Detection System","CHU","1/12/2022 3:54:36 AM","92","100","","","1"
"3DD.003D616B87","Steelhead","Hatchery Reared","Observation","Instream Remote Detection System","CHU","1/12/2022 6:54:34 AM","92","100","","","1"
"3DD.003D616B87","Steelhead","Hatchery Reared","Observation","Instream Remote Detection System","CHU","1/12/2022 9:54:34 AM","92","100","","","1"
"3DD.003D616B87","Steelhead","Hatchery Reared","Observation","Instream Remote Detection System","CHU","1/12/2022 3:54:32 PM","92","100","","","1"
"3DD.003D616B87","Steelhead","Hatchery Reared","Observation","Instream Remote Detection System","CHU","1/12/2022 9:56:43 PM","92","100","","","1"
"3DD.003D616B87","Steelhead","Hatchery Reared","Observation","Instream Remote Detection System","CHU","1/13/2022 1:22:48 AM","92","100","","","1"
"3DD.003D616B87","Steelhead","Hatchery Reared","Observation","Instream Remote Detection System","CHU","1/13/2022 4:23:52 AM","92","100","","","1"
"3DD.003D616B87","Steelhead","Hatchery Reared","Observation","Instream Remote Detection System","CHU","1/13/2022 7:25:20 AM","92","100","","","1"
"3DD.003D616B87","Steelhead","Hatchery Reared","Observation","Instream Remote Detection System","CHU","1/13/2022 10:29:42 AM","92","100","","","1"
"3DD.003D616B87","Steelhead","Hatchery Reared","Observation","Instream Remote Detection System","CHU","1/13/2022 1:32:37 PM","92","100","","","1"
"3DD.003D616B87","Steelhead","Hatchery Reared","Observation","Instream Remote Detection System","CHU","1/13/2022 7:36:36 PM","92","100","","","1"
"3DD.003D616B87","Steelhead","Hatchery Reared","Observation","Instream Remote Detection System","CHU","1/13/2022 10:39:31 PM","92","100","","","1"
"3DD.003D616B87","Steelhead","Hatchery Reared","Observation","Instream Remote Detection System","CHU","1/14/2022 1:43:11 AM","92","100","","","1"
"3DD.003D616B87","Steelhead","Hatchery Reared","Observation","Instream Remote Detection System","CHU","1/14/2022 4:59:06 AM","92","100","","","1"
"3DD.003D616B87","Steelhead","Hatchery Reared","Observation","Instream Remote Detection System","CHU","1/14/2022 10:41:32 AM","92","100","","","1"
"3DD.003D616B87","Steelhead","Hatchery Reared","Observation","Instream Remote Detection System","CHU","1/14/2022 2:07:32 PM","92","100","","","1"
"3DD.003D616B87","Steelhead","Hatchery Reared","Observation","Instream Remote Detection System","CHU","1/14/2022 5:35:32 PM","92","100","","","1"
"3DD.003D616B87","Steelhead","Hatchery Reared","Observation","Instream Remote Detection System","CHU","1/15/2022 12:51:25 AM","92","100","","","1"
"3DD.003D616B87","Steelhead","Hatchery Reared","Observation","Instream Remote Detection System","CHU","1/15/2022 3:57:05 AM","92","100","","","1"
"3DD.003D616B87","Steelhead","Hatchery Reared","Observation","Instream Remote Detection System","CHU","1/15/2022 7:04:05 AM","92","100","","","1"
"3DD.003D616B87","Steelhead","Hatchery Reared","Observation","Instream Remote Detection System","CHU","1/15/2022 11:16:48 AM","92","100","","","1"
"3DD.003D616B87","Steelhead","Hatchery Reared","Observation","Instream Remote Detection System","CHU","1/15/2022 3:27:11 PM","92","100","","","1"
"3DD.003D616B87","Steelhead","Hatchery Reared","Observation","Instream Remote Detection System","CHU","1/15/2022 6:40:33 PM","92","100","","","1"
"3DD.003D616B87","Steelhead","Hatchery Reared","Observation","Instream Remote Detection System","CHU","1/15/2022 11:10:09 PM","92","100","","","1"
"3DD.003D616B87","Steelhead","Hatchery Reared","Observation","Instream Remote Detection System","CHU","1/16/2022 2:31:00 AM","92","100","","","1"
"3DD.003D616B87","Steelhead","Hatchery Reared","Observation","Instream Remote Detection System","CHU","1/16/2022 6:58:18 AM","93","100","","","1"
"3DD.003D616B87","Steelhead","Hatchery Reared","Observation","Instream Remote Detection System","CHU","1/16/2022 10:09:30 AM","93","100","","","1"
"3DD.003D616B87","Steelhead","Hatchery Reared","Observation","Instream Remote Detection System","CHU","1/16/2022 1:10:37 PM","93","100","","","1"
"3DD.003D616B87","Steelhead","Hatchery Reared","Observation","Instream Remote Detection System","CHU","1/16/2022 5:34:23 PM","93","100","","","1"
"3DD.003D616B87","Steelhead","Hatchery Reared","Observation","Instream Remote Detection System","CHU","1/16/2022 8:34:24 PM","93","100","","","1"
"3DD.003D616B87","Steelhead","Hatchery Reared","Observation","Instream Remote Detection System","CHU","1/16/2022 11:42:58 PM","93","100","","","1"
"3DD.003D616B87","Steelhead","Hatchery Reared","Observation","Instream Remote Detection System","CHU","1/17/2022 5:13:06 AM","93","100","","","1"
"3DD.003D616B87","Steelhead","Hatchery Reared","Observation","Instream Remote Detection System","CHU","1/17/2022 6:29:39 AM","92","100","","","1"
"3DD.003D616B87","Steelhead","Hatchery Reared","Observation","Instream Remote Detection System","CHU","1/17/2022 11:10:51 AM","93","100","","","1"
"3DD.003D616B87","Steelhead","Hatchery Reared","Observation","Instream Remote Detection System","CHU","1/17/2022 9:30:07 PM","93","100","","","1"
"3DD.003D616B87","Steelhead","Hatchery Reared","Observation","Instream Remote Detection System","CHU","1/18/2022 12:31:15 AM","93","100","","","1"
"3DD.003D616B87","Steelhead","Hatchery Reared","Observation","Instream Remote Detection System","CHU","1/18/2022 3:35:52 AM","93","100","","","1"
"3DD.003D616B87","Steelhead","Hatchery Reared","Observation","Instream Remote Detection System","CHU","1/18/2022 6:29:58 AM","92","100","","","1"
"3DD.003D616B87","Steelhead","Hatchery Reared","Observation","Instream Remote Detection System","CHU","1/18/2022 9:46:09 AM","93","100","","","1"
"3DD.003D616B87","Steelhead","Hatchery Reared","Observation","Instream Remote Detection System","CHU","1/18/2022 12:46:29 PM","93","100","","","1"
"3DD.003D616B87","Steelhead","Hatchery Reared","Observation","Instream Remote Detection System","CHU","1/18/2022 3:46:29 PM","93","100","","","1"
"3DD.003D616B87","Steelhead","Hatchery Reared","Observation","Instream Remote Detection System","CHU","1/18/2022 8:50:59 PM","93","100","","","1"
"3DD.003D616B87","Steelhead","Hatchery Reared","Observation","Instream Remote Detection System","CHU","1/19/2022 1:06:58 AM","93","100","","","1"
"3DD.003D616B87","Steelhead","Hatchery Reared","Observation","Instream Remote Detection System","CHU","1/20/2022 5:35:08 AM","93","100","","","1"
"3DD.003D616B87","Steelhead","Hatchery Reared","Observation","Instream Remote Detection System","CHU","1/20/2022 8:43:06 AM","93","100","","","1"
"3DD.003D616B87","Steelhead","Hatchery Reared","Observation","Instream Remote Detection System","CHU","1/20/2022 12:34:38 PM","93","100","","","1"
"3DD.003D616B87","Steelhead","Hatchery Reared","Observation","Instream Remote Detection System","CHU","1/21/2022 3:32:57 AM","93","100","","","1"
"3DD.003D616B87","Steelhead","Hatchery Reared","Observation","Instream Remote Detection System","CHU","3/20/2022 11:07:09 PM","92","100","","","1"
"3DD.003D616B87","Steelhead","Hatchery Reared","Observation","Instream Remote Detection System","CHU","3/21/2022 9:00:09 AM","92","100","","","1"
"3DD.003D616B87","Steelhead","Hatchery Reared","Observation","Instream Remote Detection System","CHU","3/21/2022 2:01:44 PM","92","100","","","1"
"3DD.003D616B87","Steelhead","Hatchery Reared","Observation","Instream Remote Detection System","CHU","3/21/2022 5:29:34 PM","92","100","","","1"
"3DD.003D616B87","Steelhead","Hatchery Reared","Observation","Instream Remote Detection System","CHU","3/21/2022 11:00:49 PM","92","100","","","1"
"3DD.003D616B87","Steelhead","Hatchery Reared","Observation","Instream Remote Detection System","CHU","3/22/2022 6:54:30 AM","92","100","","","1"
"3DD.003D616B87","Steelhead","Hatchery Reared","Observation","Instream Remote Detection System","CHU","3/22/2022 1:31:33 PM","92","100","","","1"
"3DD.003D616B87","Steelhead","Hatchery Reared","Observation","Instream Remote Detection System","CHU","3/23/2022 2:16:20 AM","92","100","","","1"
"3DD.003D616B87","Steelhead","Hatchery Reared","Observation","Instream Remote Detection System","CHU","4/28/2022 10:30:12 AM","93","100","","","1"
"3DD.003D616B87","Steelhead","Hatchery Reared","Observation","Instream Remote Detection System","CHU","4/28/2022 10:38:16 AM","93","100","","","1"
"3DD.003D616B87","Steelhead","Hatchery Reared","Observation","Instream Remote Detection System","CHU","4/28/2022 4:38:16 PM","93","100","","","1"
"3DD.003D616B87","Steelhead","Hatchery Reared","Observation","Instream Remote Detection System","CHU","4/28/2022 10:38:16 PM","93","100","","","1"
"3DD.003D616B87","Steelhead","Hatchery Reared","Observation","Instream Remote Detection System","CHU","4/29/2022 4:38:18 AM","93","100","","","1"
"3DD.003D616B87","Steelhead","Hatchery Reared","Observation","Instream Remote Detection System","CHU","4/29/2022 10:40:37 AM","93","100","","","1"
"3DD.003D616B87","Steelhead","Hatchery Reared","Observation","Instream Remote Detection System","CHU","4/29/2022 4:40:37 PM","93","100","","","1"
"3DD.003D616B87","Steelhead","Hatchery Reared","Observation","Instream Remote Detection System","CHU","4/29/2022 11:02:05 PM","93","100","","","1"
"3DD.003D616B87","Steelhead","Hatchery Reared","Observation","Instream Remote Detection System","CHU","4/30/2022 5:02:07 AM","93","100","","","1"
"3DD.003D616B87","Steelhead","Hatchery Reared","Observation","Instream Remote Detection System","CHU","4/30/2022 11:02:07 AM","93","100","","","1"
"3DD.003D616B87","Steelhead","Hatchery Reared","Observation","Instream Remote Detection System","CHU","4/30/2022 5:02:07 PM","93","100","","","1"
"3DD.003D616B87","Steelhead","Hatchery Reared","Observation","Instream Remote Detection System","CHU","4/30/2022 11:02:11 PM","93","100","","","1"
"3DD.003D616B87","Steelhead","Hatchery Reared","Observation","Instream Remote Detection System","CHU","5/1/2022 5:02:18 AM","93","100","","","1"
"3DD.003D616B87","Steelhead","Hatchery Reared","Observation","Instream Remote Detection System","CHU","5/1/2022 11:02:19 AM","93","100","","","1"
"3DD.003D616B87","Steelhead","Hatchery Reared","Observation","Instream Remote Detection System","CHU","5/1/2022 5:12:07 PM","93","100","","","1"
"3DD.003D616B87","Steelhead","Hatchery Reared","Observation","Instream Remote Detection System","CHU","5/1/2022 11:12:07 PM","93","100","","","1"
"3DD.003D616B87","Steelhead","Hatchery Reared","Observation","Instream Remote Detection System","CHU","5/2/2022 5:17:24 AM","93","100","","","1"
"3DD.003D616B87","Steelhead","Hatchery Reared","Observation","Instream Remote Detection System","CHU","5/2/2022 11:17:41 AM","93","100","","","1"
"3DD.003D616B87","Steelhead","Hatchery Reared","Observation","Instream Remote Detection System","CHU","5/2/2022 5:17:58 PM","93","100","","","1"
"3DD.003D616B87","Steelhead","Hatchery Reared","Observation","Instream Remote Detection System","CHU","5/2/2022 11:18:19 PM","93","100","","","1"
"3DD.003D616B87","Steelhead","Hatchery Reared","Observation","Instream Remote Detection System","CHU","5/3/2022 5:18:19 AM","93","100","","","1"
"3DD.003D616B87","Steelhead","Hatchery Reared","Observation","Instream Remote Detection System","CHU","5/3/2022 11:18:19 AM","93","100","","","1"
"3DD.003D616B87","Steelhead","Hatchery Reared","Observation","Instream Remote Detection System","CHU","5/3/2022 5:18:19 PM","93","100","","","1"
"3DD.003D616B87","Steelhead","Hatchery Reared","Observation","Instream Remote Detection System","CHU","5/3/2022 11:18:43 PM","93","100","","","1"
"3DD.003D616B87","Steelhead","Hatchery Reared","Observation","Instream Remote Detection System","CHU","5/4/2022 5:18:43 AM","93","100","","","1"
"3DD.003D616B87","Steelhead","Hatchery Reared","Observation","Instream Remote Detection System","CHU","5/4/2022 11:18:43 AM","93","100","","","1"
"3DD.003D616B87","Steelhead","Hatchery Reared","Observation","Instream Remote Detection System","CHU","5/4/2022 5:18:43 PM","93","100","","","1"
"3DD.003D616B87","Steelhead","Hatchery Reared","Observation","Instream Remote Detection System","CHU","5/4/2022 11:18:48 PM","93","100","","","1"
"3DD.003D616B87","Steelhead","Hatchery Reared","Observation","Instream Remote Detection System","CHU","5/5/2022 5:18:48 AM","93","100","","","1"
"3DD.003D616B87","Steelhead","Hatchery Reared","Observation","Instream Remote Detection System","CHU","5/5/2022 11:18:48 AM","93","100","","","1"
"3DD.003D616B87","Steelhead","Hatchery Reared","Observation","Instream Remote Detection System","CHU","5/5/2022 5:21:43 PM","93","100","","","1"
"3DD.003D616B87","Steelhead","Hatchery Reared","Observation","Instream Remote Detection System","CHU","5/5/2022 5:57:03 PM","93","100","","","1"
"3DD.003D616B87","Steelhead","Hatchery Reared","Observation","Instream Remote Detection System","CHU","5/5/2022 11:57:37 PM","93","100","","","1"
"3DD.003D616B87","Steelhead","Hatchery Reared","Observation","Instream Remote Detection System","CHU","5/6/2022 5:57:37 AM","93","100","","","1"
"3DD.003D616B87","Steelhead","Hatchery Reared","Observation","Instream Remote Detection System","CHU","5/6/2022 11:57:41 AM","93","100","","","1"
"3DD.003D616B87","Steelhead","Hatchery Reared","Observation","Instream Remote Detection System","CHU","5/6/2022 5:57:47 PM","93","100","","","1"
"3DD.003D616B87","Steelhead","Hatchery Reared","Observation","Instream Remote Detection System","CHU","5/7/2022 12:20:01 AM","93","100","","","1"
"3DD.003D616B87","Steelhead","Hatchery Reared","Observation","Instream Remote Detection System","CHU","5/7/2022 12:39:43 AM","92","100","","","1"
"3DD.003D616DD2","Steelhead","Hatchery Reared","Mark","Acclimation Pond","CHIP","3/10/2020 3:47:27 PM","NA","0","CHIWAR","4/24/2020 1:40:00 PM","1"
"3DD.003D616DD2","Steelhead","Hatchery Reared","Observation","Instream Remote Detection System","CHU","6/11/2022 12:40:43 PM","93","100","","","1"
"3DD.003D616DD2","Steelhead","Hatchery Reared","Observation","Instream Remote Detection System","CHU","6/11/2022 12:43:03 PM","92","100","","","1"
"3DD.003D617750","Steelhead","Hatchery Reared","Mark","Acclimation Pond","CHIP","3/17/2020 9:57:33 AM","NA","0","CHIWAR","4/24/2020 1:40:00 PM","1"
"3DD.003D617750","Steelhead","Hatchery Reared","Observation","Instream Remote Detection System","CHU","6/23/2022 2:31:13 PM","92","100","","","1"
"3DD.003D6177E4","Steelhead","Hatchery Reared","Mark","Acclimation Pond","CHIP","3/18/2020 3:08:00 PM","NA","0","CHIWAR","4/24/2020 1:40:00 PM","1"
"3DD.003D6177E4","Steelhead","Hatchery Reared","Observation","Instream Remote Detection System","CHU","6/7/2022 11:21:54 AM","92","100","","","1"
"3DD.003D617CF3","Steelhead","Hatchery Reared","Mark","Acclimation Pond","CHIP","3/19/2020 10:24:53 AM","NA","0","CHIWAR","4/24/2020 1:40:00 PM","1"
"3DD.003D617CF3","Steelhead","Hatchery Reared","Observation","Instream Remote Detection System","CHU","5/9/2022 10:39:06 AM","93","100","","","1"
"3DD.003DA28B2C","Steelhead","Hatchery Reared","Mark","Intra-Dam Release Site","PRDLD1","10/14/2021 1:21:16 PM","NA","0","PRDLD1","10/14/2021 1:21:16 PM","1"
"3DD.003DA28B2C","Steelhead","Hatchery Reared","Observation","Instream Remote Detection System","CHL","3/18/2022 8:36:11 PM","81","100","","","1"
"3DD.003DA28B2C","Steelhead","Hatchery Reared","Observation","Instream Remote Detection System","LWE","10/19/2021 1:54:47 AM","07","120","","","1"
"3DD.003DA28B2C","Steelhead","Hatchery Reared","Observation","Instream Remote Detection System","LWE","10/19/2021 1:55:43 AM","02","120","","","1"
"3DD.003DA28B2C","Steelhead","Hatchery Reared","Observation","Instream Remote Detection System","UWE","3/13/2022 10:05:42 PM","B2","110","","","1"
"3DD.003DA28B2C","Steelhead","Hatchery Reared","Observation","Instream Remote Detection System","UWE","3/28/2022 7:22:42 PM","B1","110","","","1"
"3DD.003DA28B2C","Steelhead","Hatchery Reared","Observation","Adult Fishway","PRA","10/14/2021 2:00:12 PM","04","110","","","1"
"3DD.003DA28B2C","Steelhead","Hatchery Reared","Observation","Adult Fishway","PRA","10/14/2021 2:06:03 PM","01","110","","","1"
"3DD.003DA28B2C","Steelhead","Hatchery Reared","Observation","Adult Fishway","RIA","10/18/2021 7:11:56 AM","08","140","","","1"
"3DD.003DA28B2C","Steelhead","Hatchery Reared","Observation","Adult Fishway","RIA","10/18/2021 7:12:27 AM","06","140","","","1"
"3DD.003DA28B2C","Steelhead","Hatchery Reared","Observation","Adult Fishway","TUF","10/25/2021 8:58:28 AM","A4","110","","","1"
"3DD.003DA28B2C","Steelhead","Hatchery Reared","Observation","Adult Fishway","TUF","10/25/2021 9:08:08 AM","A4","110","","","1"
"3DD.003DA28B2C","Steelhead","Hatchery Reared","Observation","Adult Fishway","TUF","10/25/2021 9:10:17 AM","A3","110","","","1"
"3DD.003DA28B2C","Steelhead","Hatchery Reared","Observation","Adult Fishway","TUF","10/25/2021 9:31:50 AM","A2","110","","","1"
"3DD.003DA28B2C","Steelhead","Hatchery Reared","Observation","Adult Fishway","TUF","10/25/2021 9:36:17 AM","A1","110","","","1"
"3DD.003DA28B2C","Steelhead","Hatchery Reared","Observation","Adult Fishway","TUF","10/25/2021 10:09:42 AM","A2","110","","","1"
"3DD.003DA28B2C","Steelhead","Hatchery Reared","Observation","Adult Fishway","TUF","10/25/2021 10:17:12 AM","A3","110","","","1"
"3DD.003DA28B2C","Steelhead","Hatchery Reared","Observation","Adult Fishway","TUF","10/25/2021 10:34:48 AM","A2","110","","","1"
"3DD.003DA28B2C","Steelhead","Hatchery Reared","Observation","Adult Fishway","TUF","10/25/2021 10:40:20 AM","A1","110","","","1"
"3DD.003DA28B2C","Steelhead","Hatchery Reared","Observation","Adult Fishway","TUF","10/25/2021 11:19:26 AM","A1","110","","","1"
"3DD.003DA28B2C","Steelhead","Hatchery Reared","Observation","Adult Fishway","TUF","10/25/2021 11:27:43 AM","A3","110","","","1"
"3DD.003DA28B2C","Steelhead","Hatchery Reared","Observation","Adult Fishway","TUF","10/26/2021 12:26:07 PM","A4","110","","","1"
"3DD.003DA28B2C","Steelhead","Hatchery Reared","Observation","Adult Fishway","TUF","10/26/2021 12:35:05 PM","A3","110","","","1"
"3DD.003DA28B2C","Steelhead","Hatchery Reared","Observation","Adult Fishway","TUF","10/26/2021 12:58:41 PM","A2","110","","","1"
"3DD.003DA28B2C","Steelhead","Hatchery Reared","Observation","Adult Fishway","TUF","10/26/2021 1:05:02 PM","A1","110","","","1"
"3DD.003DA28B2C","Steelhead","Hatchery Reared","Recapture","Dam","TUM","10/26/2021 3:06:00 PM","NA","0","TUMFBY","10/26/2021 3:06:00 PM","1"
"3DD.003DA2B904","Steelhead","Hatchery Reared","Mark","Acclimation Pond","CHIP","3/9/2021 10:34:48 AM","NA","0","CHIWAR","4/26/2021 11:00:00 AM","1"
"3DD.003DA2B904","Steelhead","Hatchery Reared","Observation","Instream Remote Detection System","CHU","3/10/2022 2:41:48 PM","95","100","","","1"
"3DD.003DFDDF5B","Steelhead","Hatchery Reared","Mark","Dam","TUM","11/7/2021 9:02:39 AM","NA","0","TUMFBY","11/7/2021 9:02:39 AM","1"
"3DD.003DFDDF5B","Steelhead","Hatchery Reared","Observation","Instream Remote Detection System","CHL","4/12/2022 12:20:10 AM","86","100","","","1"
"3DD.003DFDDF5B","Steelhead","Hatchery Reared","Observation","Instream Remote Detection System","CHL","4/24/2022 7:34:18 AM","85","100","","","1"
"3DD.003DFDDF5B","Steelhead","Hatchery Reared","Observation","Instream Remote Detection System","CHL","4/24/2022 7:40:34 AM","83","100","","","1"
"3DD.003DFDDF5B","Steelhead","Hatchery Reared","Observation","Instream Remote Detection System","NAL","4/22/2022 12:26:53 AM","65","100","","","1"
"3DD.003DFDDF5B","Steelhead","Hatchery Reared","Observation","Instream Remote Detection System","NAL","4/22/2022 12:27:26 AM","61","100","","","1"
"3DD.003DFDDF5B","Steelhead","Hatchery Reared","Observation","Instream Remote Detection System","UWE","4/20/2022 2:58:16 AM","B6","110","","","1"
"3DD.003DFDDF5B","Steelhead","Hatchery Reared","Observation","Instream Remote Detection System","UWE","4/20/2022 3:25:15 AM","B1","110","","","1"
"3DD.003DFDDF66","Steelhead","Hatchery Reared","Mark","Dam","TUM","10/21/2021 6:03:12 PM","NA","0","TUMFBY","10/21/2021 6:03:12 PM","1"
"3DD.003DFDDF66","Steelhead","Hatchery Reared","Observation","Instream Remote Detection System","CHL","4/22/2022 1:57:27 AM","86","100","","","1"
"3DD.003DFDDF66","Steelhead","Hatchery Reared","Observation","Instream Remote Detection System","CHL","4/23/2022 8:13:03 PM","86","100","","","1"
"3DD.003DFDDF66","Steelhead","Hatchery Reared","Observation","Instream Remote Detection System","CHL","4/23/2022 8:57:53 PM","81","100","","","1"
"3DD.003DFDDF66","Steelhead","Hatchery Reared","Observation","Instream Remote Detection System","CHL","4/24/2022 1:59:43 AM","86","100","","","1"
"3DD.003DFDDF7A","Steelhead","Hatchery Reared","Mark","Dam","TUM","11/7/2021 9:06:24 AM","NA","0","TUMFBY","11/7/2021 9:06:24 AM","1"
"3DD.003DFDDF7A","Steelhead","Hatchery Reared","Observation","Instream Remote Detection System","CHL","4/30/2022 8:49:47 AM","84","100","","","1"
"3DD.003DFDDF7A","Steelhead","Hatchery Reared","Observation","Instream Remote Detection System","CHL","4/30/2022 8:52:00 AM","83","100","","","1"
"3DD.003DFDDF7A","Steelhead","Hatchery Reared","Observation","Instream Remote Detection System","CHL","5/2/2022 6:50:22 PM","83","100","","","1"
"3DD.003DFDDF7A","Steelhead","Hatchery Reared","Observation","Instream Remote Detection System","UWE","4/13/2022 2:01:19 AM","B6","110","","","1"
"3DD.003DFDDF7A","Steelhead","Hatchery Reared","Observation","Instream Remote Detection System","UWE","5/22/2022 5:23:51 AM","B6","110","","","1"
"3DD.003DFDDF7A","Steelhead","Hatchery Reared","Observation","Instream Remote Detection System","UWE","5/22/2022 12:12:18 PM","B5","110","","","1"
"3DD.003DFDDF7A","Steelhead","Hatchery Reared","Observation","Instream Remote Detection System","UWE","5/22/2022 1:34:23 PM","B1","110","","","1"
"3DD.003DFDDF7E","Steelhead","Hatchery Reared","Mark","Dam","TUM","11/4/2021 3:00:37 PM","NA","0","TUMFBY","11/4/2021 3:00:37 PM","1"
"3DD.003DFDDF7E","Steelhead","Hatchery Reared","Observation","Instream Remote Detection System","CHL","3/22/2022 10:48:26 PM","86","100","","","1"
"3DD.003DFDDF7E","Steelhead","Hatchery Reared","Observation","Instream Remote Detection System","CHL","3/23/2022 5:37:57 AM","82","100","","","1"
"3DD.003DFDDF7E","Steelhead","Hatchery Reared","Observation","Instream Remote Detection System","CHL","4/25/2022 2:07:50 AM","86","100","","","1"
"3DD.003DFDDF7E","Steelhead","Hatchery Reared","Observation","Instream Remote Detection System","CHL","4/27/2022 3:26:59 PM","86","100","","","1"
"3DD.003DFDDF7E","Steelhead","Hatchery Reared","Observation","Instream Remote Detection System","CHL","4/28/2022 2:05:53 PM","83","100","","","1"
"3DD.003DFDDF7E","Steelhead","Hatchery Reared","Observation","Instream Remote Detection System","UWE","4/7/2022 8:00:56 PM","B6","110","","","1"
"3DD.003DFDDF7E","Steelhead","Hatchery Reared","Observation","Instream Remote Detection System","UWE","4/20/2022 12:03:09 PM","B5","110","","","1"
"3DD.003DFDDF7E","Steelhead","Hatchery Reared","Observation","Instream Remote Detection System","UWE","4/20/2022 12:07:42 PM","B4","110","","","1"
"3DD.003DFDE3CC","Steelhead","Hatchery Reared","Mark","Dam","TUM","7/20/2021 12:54:01 PM","NA","0","TUMFBY","7/20/2021 12:54:01 PM","1"
"3DD.003DFDE3CC","Steelhead","Hatchery Reared","Observation","Instream Remote Detection System","CHU","5/26/2022 6:46:27 AM","93","100","","","1"
"3DD.003DFDE3CC","Steelhead","Hatchery Reared","Observation","Instream Remote Detection System","UWE","5/15/2022 8:35:57 AM","B5","110","","","1"
"3DD.003DFDE3CC","Steelhead","Hatchery Reared","Observation","Instream Remote Detection System","UWE","5/16/2022 6:34:18 AM","B4","110","","","1"
"3DD.003DFDE3CC","Steelhead","Hatchery Reared","Observation","Instream Remote Detection System","UWE","5/16/2022 10:05:03 AM","B5","110","","","1"
"3DD.003DFDE3CC","Steelhead","Hatchery Reared","Observation","Instream Remote Detection System","UWE","5/18/2022 1:09:29 PM","B5","110","","","1"
"3DD.003DFDE3CC","Steelhead","Hatchery Reared","Observation","Instream Remote Detection System","UWE","5/22/2022 9:43:08 PM","B3","110","","","1"
"3DD.003DFDE3CC","Steelhead","Hatchery Reared","Observation","Instream Remote Detection System","UWE","5/31/2022 12:36:37 AM","B1","110","","","1"
"3DD.003DFDE3CC","Steelhead","Hatchery Reared","Observation","Instream Remote Detection System","UWE","5/31/2022 5:10:48 AM","B6","110","","","1"
"3DD.003DFDE3CC","Steelhead","Hatchery Reared","Observation","Instream Remote Detection System","UWE","6/9/2022 9:28:55 PM","B1","110","","","1"
"3DD.003DFDE3CC","Steelhead","Hatchery Reared","Observation","Instream Remote Detection System","UWE","6/14/2022 5:09:40 PM","B6","110","","","1"
"3DD.003DFDE3CC","Steelhead","Hatchery Reared","Observation","Instream Remote Detection System","UWE","6/15/2022 5:47:49 AM","B6","110","","","1"
"3DD.003DFDE3CC","Steelhead","Hatchery Reared","Observation","Instream Remote Detection System","UWE","6/15/2022 7:29:23 AM","B4","110","","","1"
"3DD.003DFDE3CC","Steelhead","Hatchery Reared","Observation","Instream Remote Detection System","UWE","6/15/2022 9:06:23 AM","B6","110","","","1"
"3DD.003DFDE3CC","Steelhead","Hatchery Reared","Observation","Instream Remote Detection System","UWE","6/15/2022 5:58:21 PM","B1","110","","","1"
"3DD.003DFDE3CC","Steelhead","Hatchery Reared","Observation","Instream Remote Detection System","UWE","6/16/2022 6:49:32 AM","B4","110","","","1"
"3DD.003DFDE3CC","Steelhead","Hatchery Reared","Observation","Instream Remote Detection System","UWE","6/16/2022 6:49:40 AM","B3","110","","","1"
"3DD.003DFDE3CC","Steelhead","Hatchery Reared","Observation","Instream Remote Detection System","UWE","6/19/2022 3:31:46 AM","B6","110","","","1"
"3DD.003DFDE3CC","Steelhead","Hatchery Reared","Observation","Instream Remote Detection System","UWE","6/22/2022 5:44:44 AM","B4","110","","","1"
"3DD.003DFDE3CC","Steelhead","Hatchery Reared","Observation","Instream Remote Detection System","UWE","7/11/2022 6:09:36 PM","B6","110","","","1"
"3DD.003DFDE3CC","Steelhead","Hatchery Reared","Observation","Instream Remote Detection System","UWE","7/13/2022 7:52:08 PM","B6","110","","","1"
"3DD.003DFDE3CC","Steelhead","Hatchery Reared","Recapture","Dam","TUM","11/3/2021 9:55:29 AM","NA","0","TUMFBY","11/3/2021 9:55:29 AM","1"
"3DD.007791A891","Steelhead","Hatchery Reared","Mark","Dam","TUM","10/4/2021 3:07:21 PM","NA","0","TUMFBY","10/4/2021 3:07:21 PM","1"
"3DD.007791A891","Steelhead","Hatchery Reared","Observation","Instream Remote Detection System","CHL","3/30/2022 5:27:22 AM","86","100","","","1"
"3DD.007791A891","Steelhead","Hatchery Reared","Observation","Instream Remote Detection System","CHL","4/22/2022 10:48:10 PM","86","100","","","1"
"3DD.007791A891","Steelhead","Hatchery Reared","Observation","Instream Remote Detection System","CHL","4/23/2022 7:39:21 PM","82","100","","","1"
"3DD.007791A891","Steelhead","Hatchery Reared","Observation","Instream Remote Detection System","CHL","5/13/2022 6:31:11 PM","83","100","","","1"
"3DD.007791A891","Steelhead","Hatchery Reared","Observation","Instream Remote Detection System","UWE","4/22/2022 1:08:50 AM","B5","110","","","1"
"3DD.007791A891","Steelhead","Hatchery Reared","Observation","Instream Remote Detection System","UWE","5/15/2022 2:25:24 AM","B6","110","","","1"
"3DD.0077A63207","Steelhead","Hatchery Reared","Mark","Acclimation Pond","CHIP","2/21/2018 1:52:12 PM","NA","0","CHIWAR","4/30/2018 4:20:00 PM","1"
"3DD.0077A63207","Steelhead","Hatchery Reared","Observation","Instream Remote Detection System","CHL","5/22/2022 2:00:06 PM","82","100","","","1"
"3DD.0077A63207","Steelhead","Hatchery Reared","Observation","Instream Remote Detection System","CHL","5/22/2022 3:00:13 PM","82","100","","","1"
"3DD.0077A63207","Steelhead","Hatchery Reared","Observation","Instream Remote Detection System","CHL","5/22/2022 4:05:03 PM","82","100","","","1"
"3DD.0077A63207","Steelhead","Hatchery Reared","Observation","Instream Remote Detection System","CHL","5/22/2022 5:07:55 PM","82","100","","","1"
"3DD.0077A63207","Steelhead","Hatchery Reared","Observation","Instream Remote Detection System","CHL","5/24/2022 9:50:21 AM","85","100","","","1"
"3DD.0077A63207","Steelhead","Hatchery Reared","Observation","Instream Remote Detection System","CHL","5/24/2022 11:06:12 AM","85","100","","","1"
"3DD.0077C16DCF","Steelhead","Hatchery Reared","Mark","Acclimation Pond","CHIP","2/20/2019 10:34:25 AM","NA","0","CHIWAR","5/2/2019 5:30:00 PM","1"
"3DD.0077C16DCF","Steelhead","Hatchery Reared","Observation","Juvenile Fish Bypass Facility","BCC","5/21/2019 6:40:59 PM","01","100","","","1"
"3DD.0077C16DCF","Steelhead","Hatchery Reared","Observation","Juvenile Fish Bypass Facility","BCC","5/21/2019 6:41:00 PM","01","100","","","1"
"3DD.0077C16DCF","Steelhead","Hatchery Reared","Observation","Instream Remote Detection System","CHL","4/16/2022 1:04:43 AM","82","100","","","1"
"3DD.0077C16DCF","Steelhead","Hatchery Reared","Observation","Instream Remote Detection System","CHL","5/5/2022 8:09:10 AM","82","100","","","1"
"3DD.0077C16DCF","Steelhead","Hatchery Reared","Observation","Instream Remote Detection System","CHL","5/10/2022 4:14:25 PM","81","100","","","1"
"3DD.0077C16DCF","Steelhead","Hatchery Reared","Observation","Instream Remote Detection System","CHL","5/15/2022 12:50:59 PM","81","100","","","1"
"3DD.0077C16DCF","Steelhead","Hatchery Reared","Observation","Instream Remote Detection System","CHL","5/17/2022 3:39:50 PM","81","100","","","1"
"3DD.0077C16DCF","Steelhead","Hatchery Reared","Observation","Instream Remote Detection System","LWE","8/7/2021 4:25:38 AM","09","120","","","1"
"3DD.0077C16DCF","Steelhead","Hatchery Reared","Observation","Instream Remote Detection System","LWE","8/7/2021 4:26:23 AM","04","120","","","1"
"3DD.0077C16DCF","Steelhead","Hatchery Reared","Observation","Instream Remote Detection System","UWE","11/2/2021 7:49:50 PM","B5","110","","","1"
"3DD.0077C16DCF","Steelhead","Hatchery Reared","Observation","Adult Fishway","BO1","7/17/2021 12:35:38 PM","24","120","","","1"
"3DD.0077C16DCF","Steelhead","Hatchery Reared","Observation","Adult Fishway","BO1","7/17/2021 12:36:30 PM","22","120","","","1"
"3DD.0077C16DCF","Steelhead","Hatchery Reared","Observation","Adult Fishway","BO1","7/17/2021 12:36:31 PM","22","120","","","1"
"3DD.0077C16DCF","Steelhead","Hatchery Reared","Observation","Adult Fishway","BO1","7/17/2021 12:36:57 PM","20","120","","","1"
"3DD.0077C16DCF","Steelhead","Hatchery Reared","Observation","Adult Fishway","BO1","7/17/2021 12:38:49 PM","1E","120","","","1"
"3DD.0077C16DCF","Steelhead","Hatchery Reared","Observation","Adult Fishway","BO1","7/17/2021 12:39:34 PM","1C","120","","","1"
"3DD.0077C16DCF","Steelhead","Hatchery Reared","Observation","Adult Fishway","BO1","7/17/2021 12:39:43 PM","1A","120","","","1"
"3DD.0077C16DCF","Steelhead","Hatchery Reared","Observation","Adult Fishway","BO1","7/17/2021 12:39:50 PM","18","120","","","1"
"3DD.0077C16DCF","Steelhead","Hatchery Reared","Observation","Adult Fishway","BO1","7/17/2021 12:42:04 PM","16","120","","","1"
"3DD.0077C16DCF","Steelhead","Hatchery Reared","Observation","Adult Fishway","BO1","7/17/2021 1:35:02 PM","04","120","","","1"
"3DD.0077C16DCF","Steelhead","Hatchery Reared","Observation","Adult Fishway","BO1","7/17/2021 1:35:03 PM","04","120","","","1"
"3DD.0077C16DCF","Steelhead","Hatchery Reared","Observation","Adult Fishway","BO1","7/17/2021 1:36:47 PM","03","120","","","1"
"3DD.0077C16DCF","Steelhead","Hatchery Reared","Observation","Adult Fishway","BO1","7/17/2021 1:37:46 PM","02","120","","","1"
"3DD.0077C16DCF","Steelhead","Hatchery Reared","Observation","Adult Fishway","BO1","7/17/2021 1:37:47 PM","02","120","","","1"
"3DD.0077C16DCF","Steelhead","Hatchery Reared","Observation","Adult Fishway","BO1","7/17/2021 1:44:50 PM","01","120","","","1"
"3DD.0077C16DCF","Steelhead","Hatchery Reared","Observation","Adult Fishway","BO1","7/17/2021 1:44:51 PM","01","120","","","1"
"3DD.0077C16DCF","Steelhead","Hatchery Reared","Observation","Adult Fishway","JO1","7/20/2021 3:38:46 PM","07","100","","","1"
"3DD.0077C16DCF","Steelhead","Hatchery Reared","Observation","Adult Fishway","JO1","7/20/2021 3:38:47 PM","07","100","","","1"
"3DD.0077C16DCF","Steelhead","Hatchery Reared","Observation","Adult Fishway","JO1","7/20/2021 3:38:54 PM","03","100","","","1"
"3DD.0077C16DCF","Steelhead","Hatchery Reared","Observation","Adult Fishway","MC2","7/22/2021 11:46:30 AM","12","120","","","1"
"3DD.0077C16DCF","Steelhead","Hatchery Reared","Observation","Adult Fishway","MC2","7/22/2021 11:47:10 AM","10","120","","","1"
"3DD.0077C16DCF","Steelhead","Hatchery Reared","Observation","Adult Fishway","MC2","7/22/2021 11:48:42 AM","0F","120","","","1"
"3DD.0077C16DCF","Steelhead","Hatchery Reared","Observation","Adult Fishway","MC2","7/22/2021 11:50:17 AM","0D","120","","","1"
"3DD.0077C16DCF","Steelhead","Hatchery Reared","Observation","Adult Fishway","MC2","7/22/2021 11:52:27 AM","0B","120","","","1"
"3DD.0077C16DCF","Steelhead","Hatchery Reared","Observation","Adult Fishway","MC2","7/22/2021 11:54:08 AM","09","120","","","1"
"3DD.0077C16DCF","Steelhead","Hatchery Reared","Observation","Adult Fishway","MC2","7/22/2021 11:56:54 AM","07","120","","","1"
"3DD.0077C16DCF","Steelhead","Hatchery Reared","Observation","Adult Fishway","MC2","7/22/2021 11:57:37 AM","05","120","","","1"
"3DD.0077C16DCF","Steelhead","Hatchery Reared","Observation","Adult Fishway","MC2","7/22/2021 12:32:32 PM","03","120","","","1"
"3DD.0077C16DCF","Steelhead","Hatchery Reared","Observation","Adult Fishway","MC2","7/22/2021 12:32:33 PM","02","120","","","1"
"3DD.0077C16DCF","Steelhead","Hatchery Reared","Observation","Adult Fishway","MC2","7/22/2021 12:32:34 PM","02","120","","","1"
"3DD.0077C16DCF","Steelhead","Hatchery Reared","Observation","Adult Fishway","MC2","7/22/2021 12:32:37 PM","01","120","","","1"
"3DD.0077C16DCF","Steelhead","Hatchery Reared","Observation","Adult Fishway","PRA","7/27/2021 1:07:08 PM","07","110","","","1"
"3DD.0077C16DCF","Steelhead","Hatchery Reared","Observation","Adult Fishway","PRA","7/27/2021 1:07:49 PM","05","110","","","1"
"3DD.0077C16DCF","Steelhead","Hatchery Reared","Observation","Adult Fishway","PRA","7/27/2021 1:09:43 PM","07","110","","","1"
"3DD.0077C16DCF","Steelhead","Hatchery Reared","Observation","Adult Fishway","PRA","7/27/2021 1:10:24 PM","05","110","","","1"
"3DD.0077C16DCF","Steelhead","Hatchery Reared","Observation","Adult Fishway","RIA","7/31/2021 10:50:56 AM","38","140","","","1"
"3DD.0077C16DCF","Steelhead","Hatchery Reared","Observation","Adult Fishway","RIA","7/31/2021 10:52:29 AM","34","140","","","1"
"3DD.0077C16DCF","Steelhead","Hatchery Reared","Observation","Adult Fishway","RIA","7/31/2021 11:08:09 AM","2B","140","","","1"
"3DD.0077C16DCF","Steelhead","Hatchery Reared","Observation","Adult Fishway","RIA","7/31/2021 11:16:14 AM","0B","140","","","1"
"3DD.0077C16DCF","Steelhead","Hatchery Reared","Observation","Adult Fishway","RIA","7/31/2021 11:16:21 AM","0A","140","","","1"
"3DD.0077C16DCF","Steelhead","Hatchery Reared","Observation","Adult Fishway","TD1","7/19/2021 3:59:12 PM","02","100","","","1"
"3DD.0077C16DCF","Steelhead","Hatchery Reared","Observation","Adult Fishway","TD1","7/19/2021 3:59:13 PM","02","100","","","1"
"3DD.0077C16DCF","Steelhead","Hatchery Reared","Observation","Adult Fishway","TD1","7/19/2021 3:59:17 PM","01","100","","","1"
"3DD.0077C16DCF","Steelhead","Hatchery Reared","Observation","Adult Fishway","TD1","7/19/2021 3:59:18 PM","01","100","","","1"
"3DD.0077C16DCF","Steelhead","Hatchery Reared","Observation","Adult Fishway","TUF","8/21/2021 1:43:14 PM","A4","110","","","1"
"3DD.0077C16DCF","Steelhead","Hatchery Reared","Observation","Adult Fishway","TUF","8/21/2021 1:44:02 PM","A3","110","","","1"
"3DD.0077C16DCF","Steelhead","Hatchery Reared","Observation","Adult Fishway","TUF","8/21/2021 1:45:33 PM","A2","110","","","1"
"3DD.0077C16DCF","Steelhead","Hatchery Reared","Observation","Adult Fishway","TUF","8/21/2021 1:51:30 PM","A1","110","","","1"
"3DD.0077C389CF","Steelhead","Hatchery Reared","Mark","Acclimation Pond","CHIP","3/1/2019 11:14:20 AM","NA","0","CHIWAR","5/2/2019 3:30:00 PM","1"
"3DD.0077C389CF","Steelhead","Hatchery Reared","Observation","Instream Remote Detection System","CHU","7/19/2019 8:44:18 AM","94","100","","","1"
"3DD.0077C389CF","Steelhead","Hatchery Reared","Observation","Instream Remote Detection System","CHU","7/19/2019 8:44:19 AM","94","100","","","1"
"3DD.0077C389CF","Steelhead","Hatchery Reared","Observation","Instream Remote Detection System","CHU","7/19/2019 8:44:20 AM","94","100","","","1"
"3DD.0077C389CF","Steelhead","Hatchery Reared","Observation","Instream Remote Detection System","CHU","7/19/2019 1:26:23 PM","94","100","","","1"
"3DD.0077C389CF","Steelhead","Hatchery Reared","Observation","Instream Remote Detection System","CHU","7/19/2019 1:26:24 PM","94","100","","","1"
"3DD.0077C389CF","Steelhead","Hatchery Reared","Observation","Instream Remote Detection System","CHU","7/19/2019 1:26:26 PM","94","100","","","1"
"3DD.0077C389CF","Steelhead","Hatchery Reared","Observation","Instream Remote Detection System","CHU","7/19/2019 1:26:27 PM","94","100","","","1"
"3DD.0077C389CF","Steelhead","Hatchery Reared","Observation","Instream Remote Detection System","CHU","7/19/2019 1:26:28 PM","94","100","","","1"
"3DD.0077C389CF","Steelhead","Hatchery Reared","Observation","Instream Remote Detection System","CHU","7/19/2019 8:20:27 PM","94","100","","","1"
"3DD.0077C389CF","Steelhead","Hatchery Reared","Observation","Instream Remote Detection System","CHU","7/19/2019 8:20:28 PM","94","100","","","1"
"3DD.0077C389CF","Steelhead","Hatchery Reared","Observation","Instream Remote Detection System","CHU","7/19/2019 8:21:18 PM","91","100","","","1"
"3DD.0077C389CF","Steelhead","Hatchery Reared","Observation","Instream Remote Detection System","CHU","6/4/2022 7:16:22 AM","91","100","","","1"
"3DD.0077C389CF","Steelhead","Hatchery Reared","Observation","Instream Remote Detection System","CHU","6/4/2022 1:58:02 PM","91","100","","","1"
"3DD.0077C389CF","Steelhead","Hatchery Reared","Observation","Instream Remote Detection System","CHU","6/4/2022 8:04:33 PM","91","100","","","1"
"3DD.0077C389CF","Steelhead","Hatchery Reared","Observation","Instream Remote Detection System","CHU","6/5/2022 2:05:58 AM","91","100","","","1"
"3DD.0077C389CF","Steelhead","Hatchery Reared","Observation","Instream Remote Detection System","CHU","6/5/2022 8:06:02 AM","91","100","","","1"
"3DD.0077C389CF","Steelhead","Hatchery Reared","Observation","Instream Remote Detection System","CHU","6/5/2022 2:25:57 PM","91","100","","","1"
"3DD.0077D42789","Steelhead","Hatchery Reared","Mark","Acclimation Pond","CHIP","2/27/2019 2:36:54 PM","NA","0","CHIWAR","5/2/2019 3:30:00 PM","1"
"3DD.0077D42789","Steelhead","Hatchery Reared","Observation","Instream Remote Detection System","CHL","4/7/2022 10:42:40 PM","86","100","","","1"
"3DD.0077D42789","Steelhead","Hatchery Reared","Observation","Instream Remote Detection System","CHU","5/18/2022 3:58:34 AM","93","100","","","1"
"3DD.0077D42789","Steelhead","Hatchery Reared","Observation","Instream Remote Detection System","CHU","5/27/2022 2:31:33 PM","93","100","","","1"
"3DD.0077D42789","Steelhead","Hatchery Reared","Observation","Instream Remote Detection System","UWE","5/7/2022 2:03:41 AM","B6","110","","","1"
"3DD.0077D4CE02","Steelhead","Hatchery Reared","Mark","Acclimation Pond","CHIP","2/27/2019 3:00:20 PM","NA","0","CHIWAR","5/2/2019 3:30:00 PM","1"
"3DD.0077D4CE02","Steelhead","Hatchery Reared","Observation","Instream Remote Detection System","CHL","5/12/2022 12:19:44 PM","85","100","","","1"
"3DD.0077D4CE02","Steelhead","Hatchery Reared","Observation","Instream Remote Detection System","CHL","5/24/2022 4:55:48 AM","86","100","","","1"
"3DD.0077D4CE02","Steelhead","Hatchery Reared","Observation","Instream Remote Detection System","UWE","5/25/2022 6:10:32 PM","B5","110","","","1"
"3DD.0077D4CE02","Steelhead","Hatchery Reared","Observation","Instream Remote Detection System","UWE","5/26/2022 6:26:02 AM","B2","110","","","1"
"3DD.0077D4CE02","Steelhead","Hatchery Reared","Observation","Instream Remote Detection System","UWE","5/27/2022 9:11:05 AM","B2","110","","","1"
"3DD.0077D4CE02","Steelhead","Hatchery Reared","Observation","Instream Remote Detection System","UWE","6/2/2022 10:24:41 AM","B6","110","","","1"
"3DD.0077D4CE02","Steelhead","Hatchery Reared","Observation","Instream Remote Detection System","UWE","6/5/2022 4:28:26 AM","B3","110","","","1"
"3DD.0077D4CE02","Steelhead","Hatchery Reared","Observation","Adult Fishway","TUF","4/5/2022 3:30:54 PM","A5","110","","","1"
"3DD.0077D4CE02","Steelhead","Hatchery Reared","Observation","Adult Fishway","TUF","4/5/2022 3:39:35 PM","A3","110","","","1"
"3DD.0077D4CE02","Steelhead","Hatchery Reared","Observation","Adult Fishway","TUF","4/5/2022 4:12:05 PM","A2","110","","","1"
"3DD.0077D4CE02","Steelhead","Hatchery Reared","Observation","Adult Fishway","TUF","4/5/2022 4:19:13 PM","A1","110","","","1"
"3DD.0077D4CEA0","Steelhead","Hatchery Reared","Mark","Acclimation Pond","CHIP","3/1/2019 12:15:52 PM","NA","0","CHIWAR","5/2/2019 3:30:00 PM","1"
"3DD.0077D4CEA0","Steelhead","Hatchery Reared","Observation","Instream Remote Detection System","CHL","5/7/2022 8:37:48 PM","81","100","","","1"
"3DD.0077D4CEA0","Steelhead","Hatchery Reared","Observation","Instream Remote Detection System","CHL","5/7/2022 10:23:13 PM","81","100","","","1"
"3DD.0077D4CEA0","Steelhead","Hatchery Reared","Observation","Instream Remote Detection System","CHL","5/7/2022 11:26:38 PM","81","100","","","1"
"3DD.0077D4CEA0","Steelhead","Hatchery Reared","Observation","Instream Remote Detection System","CHL","5/8/2022 12:26:36 AM","81","100","","","1"
"3DD.0077D4CEA0","Steelhead","Hatchery Reared","Observation","Instream Remote Detection System","CHL","5/8/2022 1:26:36 AM","81","100","","","1"
"3DD.0077D4CEA0","Steelhead","Hatchery Reared","Observation","Instream Remote Detection System","CHL","5/8/2022 2:26:36 AM","81","100","","","1"
"3DD.0077D4CEA0","Steelhead","Hatchery Reared","Observation","Instream Remote Detection System","CHL","5/8/2022 3:26:38 AM","81","100","","","1"
"3DD.0077D4CEA0","Steelhead","Hatchery Reared","Observation","Instream Remote Detection System","CHL","5/8/2022 4:28:06 AM","81","100","","","1"
"3DD.0077D4CEA0","Steelhead","Hatchery Reared","Observation","Instream Remote Detection System","CHL","5/8/2022 6:10:39 AM","81","100","","","1"
"3DD.0077D4CEA0","Steelhead","Hatchery Reared","Observation","Instream Remote Detection System","CHL","5/8/2022 7:11:18 AM","81","100","","","1"
"3DD.0077D4CEA0","Steelhead","Hatchery Reared","Observation","Instream Remote Detection System","CHL","5/8/2022 8:11:17 AM","81","100","","","1"
"3DD.0077D4CEA0","Steelhead","Hatchery Reared","Observation","Instream Remote Detection System","CHL","5/8/2022 9:11:17 AM","81","100","","","1"
"3DD.0077D4CEA0","Steelhead","Hatchery Reared","Observation","Instream Remote Detection System","CHL","5/8/2022 10:11:17 AM","81","100","","","1"
"3DD.0077D4CEA0","Steelhead","Hatchery Reared","Observation","Instream Remote Detection System","CHL","5/8/2022 11:11:16 AM","81","100","","","1"
"3DD.0077D4CEA0","Steelhead","Hatchery Reared","Observation","Instream Remote Detection System","CHL","5/8/2022 12:11:16 PM","81","100","","","1"
"3DD.0077D4CEA0","Steelhead","Hatchery Reared","Observation","Instream Remote Detection System","CHL","5/8/2022 1:11:16 PM","81","100","","","1"
"3DD.0077D4CEA0","Steelhead","Hatchery Reared","Observation","Instream Remote Detection System","CHL","5/8/2022 2:11:15 PM","81","100","","","1"
"3DD.0077D4CEA0","Steelhead","Hatchery Reared","Observation","Instream Remote Detection System","CHL","5/8/2022 3:18:25 PM","81","100","","","1"
"3DD.0077D4CEA0","Steelhead","Hatchery Reared","Observation","Instream Remote Detection System","CHL","5/16/2022 4:13:37 AM","84","100","","","1"
"3DD.0077D793DF","Steelhead","Hatchery Reared","Mark","Acclimation Pond","CHIP","3/8/2018 4:18:25 PM","NA","0","CHIWAR","4/30/2018 1:20:00 PM","1"
"3DD.0077D793DF","Steelhead","Hatchery Reared","Observation","Instream Remote Detection System","CHU","6/6/2022 8:03:21 AM","93","100","","","1"
